mes,mes_texto,tipo_semana,hora_periodo,hora_inicio,hora_fin,Time,periodo_tarifario
1,Jan,Weekday,1,0,1,0-1,P6
1,Jan,Weekday,2,1,2,1-2,P6
1,Jan,Weekday,3,2,3,2-3,P6
1,Jan,Weekday,4,3,4,3-4,P6
1,Jan,Weekday,5,4,5,4-5,P6
1,Jan,Weekday,6,5,6,5-6,P6
1,Jan,Weekday,7,6,7,6-7,P6
1,Jan,Weekday,8,7,8,7-8,P6
1,Jan,Weekday,9,8,9,8-9,P2
1,Jan,Weekday,10,9,10,9-10,P1
1,Jan,Weekday,11,10,11,10-11,P1
1,Jan,Weekday,12,11,12,11-12,P1
1,Jan,Weekday,13,12,13,12-13,P1
1,Jan,Weekday,14,13,14,13-14,P1
1,Jan,Weekday,15,14,15,14-15,P2
1,Jan,Weekday,16,15,16,15-16,P2
1,Jan,Weekday,17,16,17,16-17,P2
1,Jan,Weekday,18,17,18,17-18,P2
1,Jan,Weekday,19,18,19,18-19,P1
1,Jan,Weekday,20,19,20,19-20,P1
1,Jan,Weekday,21,20,21,20-21,P1
1,Jan,Weekday,22,21,22,21-22,P1
1,Jan,Weekday,23,22,23,22-23,P2
1,Jan,Weekday,24,23,24,23-24,P2
1,Jan,Weekend,1,0,1,0-1,P6
1,Jan,Weekend,2,1,2,1-2,P6
1,Jan,Weekend,3,2,3,2-3,P6
1,Jan,Weekend,4,3,4,3-4,P6
1,Jan,Weekend,5,4,5,4-5,P6
1,Jan,Weekend,6,5,6,5-6,P6
1,Jan,Weekend,7,6,7,6-7,P6
1,Jan,Weekend,8,7,8,7-8,P6
1,Jan,Weekend,9,8,9,8-9,P6
1,Jan,Weekend,10,9,10,9-10,P6
1,Jan,Weekend,11,10,11,10-11,P6
1,Jan,Weekend,12,11,12,11-12,P6
1,Jan,Weekend,13,12,13,12-13,P6
1,Jan,Weekend,14,13,14,13-14,P6
1,Jan,Weekend,15,14,15,14-15,P6
1,Jan,Weekend,16,15,16,15-16,P6
1,Jan,Weekend,17,16,17,16-17,P6
1,Jan,Weekend,18,17,18,17-18,P6
1,Jan,Weekend,19,18,19,18-19,P6
1,Jan,Weekend,20,19,20,19-20,P6
1,Jan,Weekend,21,20,21,20-21,P6
1,Jan,Weekend,22,21,22,21-22,P6
1,Jan,Weekend,23,22,23,22-23,P6
1,Jan,Weekend,24,23,24,23-24,P6
2,Feb,Weekday,1,0,1,0-1,P6
2,Feb,Weekday,2,1,2,1-2,P6
2,Feb,Weekday,3,2,3,2-3,P6
2,Feb,Weekday,4,3,4,3-4,P6
2,Feb,Weekday,5,4,5,4-5,P6
2,Feb,Weekday,6,5,6,5-6,P6
2,Feb,Weekday,7,6,7,6-7,P6
2,Feb,Weekday,8,7,8,7-8,P6
2,Feb,Weekday,9,8,9,8-9,P2
2,Feb,Weekday,10,9,10,9-10,P1
2,Feb,Weekday,11,10,11,10-11,P1
2,Feb,Weekday,12,11,12,11-12,P1
2,Feb,Weekday,13,12,13,12-13,P1
2,Feb,Weekday,14,13,14,13-14,P1
2,Feb,Weekday,15,14,15,14-15,P2
2,Feb,Weekday,16,15,16,15-16,P2
2,Feb,Weekday,17,16,17,16-17,P2
2,Feb,Weekday,18,17,18,17-18,P2
2,Feb,Weekday,19,18,19,18-19,P1
2,Feb,Weekday,20,19,20,19-20,P1
2,Feb,Weekday,21,20,21,20-21,P1
2,Feb,Weekday,22,21,22,21-22,P1
2,Feb,Weekday,23,22,23,22-23,P2
2,Feb,Weekday,24,23,24,23-24,P2
2,Feb,Weekend,1,0,1,0-1,P6
2,Feb,Weekend,2,1,2,1-2,P6
2,Feb,Weekend,3,2,3,2-3,P6
2,Feb,Weekend,4,3,4,3-4,P6
2,Feb,Weekend,5,4,5,4-5,P6
2,Feb,Weekend,6,5,6,5-6,P6
2,Feb,Weekend,7,6,7,6-7,P6
2,Feb,Weekend,8,7,8,7-8,P6
2,Feb,Weekend,9,8,9,8-9,P6
2,Feb,Weekend,10,9,10,9-10,P6
2,Feb,Weekend,11,10,11,10-11,P6
2,Feb,Weekend,12,11,12,11-12,P6
2,Feb,Weekend,13,12,13,12-13,P6
2,Feb,Weekend,14,13,14,13-14,P6
2,Feb,Weekend,15,14,15,14-15,P6
2,Feb,Weekend,16,15,16,15-16,P6
2,Feb,Weekend,17,16,17,16-17,P6
2,Feb,Weekend,18,17,18,17-18,P6
2,Feb,Weekend,19,18,19,18-19,P6
2,Feb,Weekend,20,19,20,19-20,P6
2,Feb,Weekend,21,20,21,20-21,P6
2,Feb,Weekend,22,21,22,21-22,P6
2,Feb,Weekend,23,22,23,22-23,P6
2,Feb,Weekend,24,23,24,23-24,P6
3,Mar,Weekday,1,0,1,0-1,P6
3,Mar,Weekday,2,1,2,1-2,P6
3,Mar,Weekday,3,2,3,2-3,P6
3,Mar,Weekday,4,3,4,3-4,P6
3,Mar,Weekday,5,4,5,4-5,P6
3,Mar,Weekday,6,5,6,5-6,P6
3,Mar,Weekday,7,6,7,6-7,P6
3,Mar,Weekday,8,7,8,7-8,P6
3,Mar,Weekday,9,8,9,8-9,P3
3,Mar,Weekday,10,9,10,9-10,P2
3,Mar,Weekday,11,10,11,10-11,P2
3,Mar,Weekday,12,11,12,11-12,P2
3,Mar,Weekday,13,12,13,12-13,P2
3,Mar,Weekday,14,13,14,13-14,P2
3,Mar,Weekday,15,14,15,14-15,P3
3,Mar,Weekday,16,15,16,15-16,P3
3,Mar,Weekday,17,16,17,16-17,P3
3,Mar,Weekday,18,17,18,17-18,P3
3,Mar,Weekday,19,18,19,18-19,P2
3,Mar,Weekday,20,19,20,19-20,P2
3,Mar,Weekday,21,20,21,20-21,P2
3,Mar,Weekday,22,21,22,21-22,P2
3,Mar,Weekday,23,22,23,22-23,P3
3,Mar,Weekday,24,23,24,23-24,P3
3,Mar,Weekend,1,0,1,0-1,P6
3,Mar,Weekend,2,1,2,1-2,P6
3,Mar,Weekend,3,2,3,2-3,P6
3,Mar,Weekend,4,3,4,3-4,P6
3,Mar,Weekend,5,4,5,4-5,P6
3,Mar,Weekend,6,5,6,5-6,P6
3,Mar,Weekend,7,6,7,6-7,P6
3,Mar,Weekend,8,7,8,7-8,P6
3,Mar,Weekend,9,8,9,8-9,P6
3,Mar,Weekend,10,9,10,9-10,P6
3,Mar,Weekend,11,10,11,10-11,P6
3,Mar,Weekend,12,11,12,11-12,P6
3,Mar,Weekend,13,12,13,12-13,P6
3,Mar,Weekend,14,13,14,13-14,P6
3,Mar,Weekend,15,14,15,14-15,P6
3,Mar,Weekend,16,15,16,15-16,P6
3,Mar,Weekend,17,16,17,16-17,P6
3,Mar,Weekend,18,17,18,17-18,P6
3,Mar,Weekend,19,18,19,18-19,P6
3,Mar,Weekend,20,19,20,19-20,P6
3,Mar,Weekend,21,20,21,20-21,P6
3,Mar,Weekend,22,21,22,21-22,P6
3,Mar,Weekend,23,22,23,22-23,P6
3,Mar,Weekend,24,23,24,23-24,P6
4,Apr,Weekday,1,0,1,0-1,P6
4,Apr,Weekday,2,1,2,1-2,P6
4,Apr,Weekday,3,2,3,2-3,P6
4,Apr,Weekday,4,3,4,3-4,P6
4,Apr,Weekday,5,4,5,4-5,P6
4,Apr,Weekday,6,5,6,5-6,P6
4,Apr,Weekday,7,6,7,6-7,P6
4,Apr,Weekday,8,7,8,7-8,P6
4,Apr,Weekday,9,8,9,8-9,P5
4,Apr,Weekday,10,9,10,9-10,P4
4,Apr,Weekday,11,10,11,10-11,P4
4,Apr,Weekday,12,11,12,11-12,P4
4,Apr,Weekday,13,12,13,12-13,P4
4,Apr,Weekday,14,13,14,13-14,P4
4,Apr,Weekday,15,14,15,14-15,P5
4,Apr,Weekday,16,15,16,15-16,P5
4,Apr,Weekday,17,16,17,16-17,P5
4,Apr,Weekday,18,17,18,17-18,P5
4,Apr,Weekday,19,18,19,18-19,P4
4,Apr,Weekday,20,19,20,19-20,P4
4,Apr,Weekday,21,20,21,20-21,P4
4,Apr,Weekday,22,21,22,21-22,P4
4,Apr,Weekday,23,22,23,22-23,P5
4,Apr,Weekday,24,23,24,23-24,P5
4,Apr,Weekend,1,0,1,0-1,P6
4,Apr,Weekend,2,1,2,1-2,P6
4,Apr,Weekend,3,2,3,2-3,P6
4,Apr,Weekend,4,3,4,3-4,P6
4,Apr,Weekend,5,4,5,4-5,P6
4,Apr,Weekend,6,5,6,5-6,P6
4,Apr,Weekend,7,6,7,6-7,P6
4,Apr,Weekend,8,7,8,7-8,P6
4,Apr,Weekend,9,8,9,8-9,P6
4,Apr,Weekend,10,9,10,9-10,P6
4,Apr,Weekend,11,10,11,10-11,P6
4,Apr,Weekend,12,11,12,11-12,P6
4,Apr,Weekend,13,12,13,12-13,P6
4,Apr,Weekend,14,13,14,13-14,P6
4,Apr,Weekend,15,14,15,14-15,P6
4,Apr,Weekend,16,15,16,15-16,P6
4,Apr,Weekend,17,16,17,16-17,P6
4,Apr,Weekend,18,17,18,17-18,P6
4,Apr,Weekend,19,18,19,18-19,P6
4,Apr,Weekend,20,19,20,19-20,P6
4,Apr,Weekend,21,20,21,20-21,P6
4,Apr,Weekend,22,21,22,21-22,P6
4,Apr,Weekend,23,22,23,22-23,P6
4,Apr,Weekend,24,23,24,23-24,P6
5,May,Weekday,1,0,1,0-1,P6
5,May,Weekday,2,1,2,1-2,P6
5,May,Weekday,3,2,3,2-3,P6
5,May,Weekday,4,3,4,3-4,P6
5,May,Weekday,5,4,5,4-5,P6
5,May,Weekday,6,5,6,5-6,P6
5,May,Weekday,7,6,7,6-7,P6
5,May,Weekday,8,7,8,7-8,P6
5,May,Weekday,9,8,9,8-9,P5
5,May,Weekday,10,9,10,9-10,P4
5,May,Weekday,11,10,11,10-11,P4
5,May,Weekday,12,11,12,11-12,P4
5,May,Weekday,13,12,13,12-13,P4
5,May,Weekday,14,13,14,13-14,P4
5,May,Weekday,15,14,15,14-15,P5
5,May,Weekday,16,15,16,15-16,P5
5,May,Weekday,17,16,17,16-17,P5
5,May,Weekday,18,17,18,17-18,P5
5,May,Weekday,19,18,19,18-19,P4
5,May,Weekday,20,19,20,19-20,P4
5,May,Weekday,21,20,21,20-21,P4
5,May,Weekday,22,21,22,21-22,P4
5,May,Weekday,23,22,23,22-23,P5
5,May,Weekday,24,23,24,23-24,P5
5,May,Weekend,1,0,1,0-1,P6
5,May,Weekend,2,1,2,1-2,P6
5,May,Weekend,3,2,3,2-3,P6
5,May,Weekend,4,3,4,3-4,P6
5,May,Weekend,5,4,5,4-5,P6
5,May,Weekend,6,5,6,5-6,P6
5,May,Weekend,7,6,7,6-7,P6
5,May,Weekend,8,7,8,7-8,P6
5,May,Weekend,9,8,9,8-9,P6
5,May,Weekend,10,9,10,9-10,P6
5,May,Weekend,11,10,11,10-11,P6
5,May,Weekend,12,11,12,11-12,P6
5,May,Weekend,13,12,13,12-13,P6
5,May,Weekend,14,13,14,13-14,P6
5,May,Weekend,15,14,15,14-15,P6
5,May,Weekend,16,15,16,15-16,P6
5,May,Weekend,17,16,17,16-17,P6
5,May,Weekend,18,17,18,17-18,P6
5,May,Weekend,19,18,19,18-19,P6
5,May,Weekend,20,19,20,19-20,P6
5,May,Weekend,21,20,21,20-21,P6
5,May,Weekend,22,21,22,21-22,P6
5,May,Weekend,23,22,23,22-23,P6
5,May,Weekend,24,23,24,23-24,P6
6,Jun,Weekday,1,0,1,0-1,P6
6,Jun,Weekday,2,1,2,1-2,P6
6,Jun,Weekday,3,2,3,2-3,P6
6,Jun,Weekday,4,3,4,3-4,P6
6,Jun,Weekday,5,4,5,4-5,P6
6,Jun,Weekday,6,5,6,5-6,P6
6,Jun,Weekday,7,6,7,6-7,P6
6,Jun,Weekday,8,7,8,7-8,P6
6,Jun,Weekday,9,8,9,8-9,P4
6,Jun,Weekday,10,9,10,9-10,P3
6,Jun,Weekday,11,10,11,10-11,P3
6,Jun,Weekday,12,11,12,11-12,P3
6,Jun,Weekday,13,12,13,12-13,P3
6,Jun,Weekday,14,13,14,13-14,P3
6,Jun,Weekday,15,14,15,14-15,P4
6,Jun,Weekday,16,15,16,15-16,P4
6,Jun,Weekday,17,16,17,16-17,P4
6,Jun,Weekday,18,17,18,17-18,P4
6,Jun,Weekday,19,18,19,18-19,P3
6,Jun,Weekday,20,19,20,19-20,P3
6,Jun,Weekday,21,20,21,20-21,P3
6,Jun,Weekday,22,21,22,21-22,P3
6,Jun,Weekday,23,22,23,22-23,P4
6,Jun,Weekday,24,23,24,23-24,P4
6,Jun,Weekend,1,0,1,0-1,P6
6,Jun,Weekend,2,1,2,1-2,P6
6,Jun,Weekend,3,2,3,2-3,P6
6,Jun,Weekend,4,3,4,3-4,P6
6,Jun,Weekend,5,4,5,4-5,P6
6,Jun,Weekend,6,5,6,5-6,P6
6,Jun,Weekend,7,6,7,6-7,P6
6,Jun,Weekend,8,7,8,7-8,P6
6,Jun,Weekend,9,8,9,8-9,P6
6,Jun,Weekend,10,9,10,9-10,P6
6,Jun,Weekend,11,10,11,10-11,P6
6,Jun,Weekend,12,11,12,11-12,P6
6,Jun,Weekend,13,12,13,12-13,P6
6,Jun,Weekend,14,13,14,13-14,P6
6,Jun,Weekend,15,14,15,14-15,P6
6,Jun,Weekend,16,15,16,15-16,P6
6,Jun,Weekend,17,16,17,16-17,P6
6,Jun,Weekend,18,17,18,17-18,P6
6,Jun,Weekend,19,18,19,18-19,P6
6,Jun,Weekend,20,19,20,19-20,P6
6,Jun,Weekend,21,20,21,20-21,P6
6,Jun,Weekend,22,21,22,21-22,P6
6,Jun,Weekend,23,22,23,22-23,P6
6,Jun,Weekend,24,23,24,23-24,P6
7,Jul,Weekday,1,0,1,0-1,P6
7,Jul,Weekday,2,1,2,1-2,P6
7,Jul,Weekday,3,2,3,2-3,P6
7,Jul,Weekday,4,3,4,3-4,P6
7,Jul,Weekday,5,4,5,4-5,P6
7,Jul,Weekday,6,5,6,5-6,P6
7,Jul,Weekday,7,6,7,6-7,P6
7,Jul,Weekday,8,7,8,7-8,P6
7,Jul,Weekday,9,8,9,8-9,P2
7,Jul,Weekday,10,9,10,9-10,P1
7,Jul,Weekday,11,10,11,10-11,P1
7,Jul,Weekday,12,11,12,11-12,P1
7,Jul,Weekday,13,12,13,12-13,P1
7,Jul,Weekday,14,13,14,13-14,P1
7,Jul,Weekday,15,14,15,14-15,P2
7,Jul,Weekday,16,15,16,15-16,P2
7,Jul,Weekday,17,16,17,16-17,P2
7,Jul,Weekday,18,17,18,17-18,P2
7,Jul,Weekday,19,18,19,18-19,P1
7,Jul,Weekday,20,19,20,19-20,P1
7,Jul,Weekday,21,20,21,20-21,P1
7,Jul,Weekday,22,21,22,21-22,P1
7,Jul,Weekday,23,22,23,22-23,P2
7,Jul,Weekday,24,23,24,23-24,P2
7,Jul,Weekend,1,0,1,0-1,P6
7,Jul,Weekend,2,1,2,1-2,P6
7,Jul,Weekend,3,2,3,2-3,P6
7,Jul,Weekend,4,3,4,3-4,P6
7,Jul,Weekend,5,4,5,4-5,P6
7,Jul,Weekend,6,5,6,5-6,P6
7,Jul,Weekend,7,6,7,6-7,P6
7,Jul,Weekend,8,7,8,7-8,P6
7,Jul,Weekend,9,8,9,8-9,P6
7,Jul,Weekend,10,9,10,9-10,P6
7,Jul,Weekend,11,10,11,10-11,P6
7,Jul,Weekend,12,11,12,11-12,P6
7,Jul,Weekend,13,12,13,12-13,P6
7,Jul,Weekend,14,13,14,13-14,P6
7,Jul,Weekend,15,14,15,14-15,P6
7,Jul,Weekend,16,15,16,15-16,P6
7,Jul,Weekend,17,16,17,16-17,P6
7,Jul,Weekend,18,17,18,17-18,P6
7,Jul,Weekend,19,18,19,18-19,P6
7,Jul,Weekend,20,19,20,19-20,P6
7,Jul,Weekend,21,20,21,20-21,P6
7,Jul,Weekend,22,21,22,21-22,P6
7,Jul,Weekend,23,22,23,22-23,P6
7,Jul,Weekend,24,23,24,23-24,P6
8,Aug,Weekday,1,0,1,0-1,P6
8,Aug,Weekday,2,1,2,1-2,P6
8,Aug,Weekday,3,2,3,2-3,P6
8,Aug,Weekday,4,3,4,3-4,P6
8,Aug,Weekday,5,4,5,4-5,P6
8,Aug,Weekday,6,5,6,5-6,P6
8,Aug,Weekday,7,6,7,6-7,P6
8,Aug,Weekday,8,7,8,7-8,P6
8,Aug,Weekday,9,8,9,8-9,P4
8,Aug,Weekday,10,9,10,9-10,P3
8,Aug,Weekday,11,10,11,10-11,P3
8,Aug,Weekday,12,11,12,11-12,P3
8,Aug,Weekday,13,12,13,12-13,P3
8,Aug,Weekday,14,13,14,13-14,P3
8,Aug,Weekday,15,14,15,14-15,P4
8,Aug,Weekday,16,15,16,15-16,P4
8,Aug,Weekday,17,16,17,16-17,P4
8,Aug,Weekday,18,17,18,17-18,P4
8,Aug,Weekday,19,18,19,18-19,P3
8,Aug,Weekday,20,19,20,19-20,P3
8,Aug,Weekday,21,20,21,20-21,P3
8,Aug,Weekday,22,21,22,21-22,P3
8,Aug,Weekday,23,22,23,22-23,P4
8,Aug,Weekday,24,23,24,23-24,P4
8,Aug,Weekend,1,0,1,0-1,P6
8,Aug,Weekend,2,1,2,1-2,P6
8,Aug,Weekend,3,2,3,2-3,P6
8,Aug,Weekend,4,3,4,3-4,P6
8,Aug,Weekend,5,4,5,4-5,P6
8,Aug,Weekend,6,5,6,5-6,P6
8,Aug,Weekend,7,6,7,6-7,P6
8,Aug,Weekend,8,7,8,7-8,P6
8,Aug,Weekend,9,8,9,8-9,P6
8,Aug,Weekend,10,9,10,9-10,P6
8,Aug,Weekend,11,10,11,10-11,P6
8,Aug,Weekend,12,11,12,11-12,P6
8,Aug,Weekend,13,12,13,12-13,P6
8,Aug,Weekend,14,13,14,13-14,P6
8,Aug,Weekend,15,14,15,14-15,P6
8,Aug,Weekend,16,15,16,15-16,P6
8,Aug,Weekend,17,16,17,16-17,P6
8,Aug,Weekend,18,17,18,17-18,P6
8,Aug,Weekend,19,18,19,18-19,P6
8,Aug,Weekend,20,19,20,19-20,P6
8,Aug,Weekend,21,20,21,20-21,P6
8,Aug,Weekend,22,21,22,21-22,P6
8,Aug,Weekend,23,22,23,22-23,P6
8,Aug,Weekend,24,23,24,23-24,P6
9,Sep,Weekday,1,0,1,0-1,P6
9,Sep,Weekday,2,1,2,1-2,P6
9,Sep,Weekday,3,2,3,2-3,P6
9,Sep,Weekday,4,3,4,3-4,P6
9,Sep,Weekday,5,4,5,4-5,P6
9,Sep,Weekday,6,5,6,5-6,P6
9,Sep,Weekday,7,6,7,6-7,P6
9,Sep,Weekday,8,7,8,7-8,P6
9,Sep,Weekday,9,8,9,8-9,P4
9,Sep,Weekday,10,9,10,9-10,P3
9,Sep,Weekday,11,10,11,10-11,P3
9,Sep,Weekday,12,11,12,11-12,P3
9,Sep,Weekday,13,12,13,12-13,P3
9,Sep,Weekday,14,13,14,13-14,P3
9,Sep,Weekday,15,14,15,14-15,P4
9,Sep,Weekday,16,15,16,15-16,P4
9,Sep,Weekday,17,16,17,16-17,P4
9,Sep,Weekday,18,17,18,17-18,P4
9,Sep,Weekday,19,18,19,18-19,P3
9,Sep,Weekday,20,19,20,19-20,P3
9,Sep,Weekday,21,20,21,20-21,P3
9,Sep,Weekday,22,21,22,21-22,P3
9,Sep,Weekday,23,22,23,22-23,P4
9,Sep,Weekday,24,23,24,23-24,P4
9,Sep,Weekend,1,0,1,0-1,P6
9,Sep,Weekend,2,1,2,1-2,P6
9,Sep,Weekend,3,2,3,2-3,P6
9,Sep,Weekend,4,3,4,3-4,P6
9,Sep,Weekend,5,4,5,4-5,P6
9,Sep,Weekend,6,5,6,5-6,P6
9,Sep,Weekend,7,6,7,6-7,P6
9,Sep,Weekend,8,7,8,7-8,P6
9,Sep,Weekend,9,8,9,8-9,P6
9,Sep,Weekend,10,9,10,9-10,P6
9,Sep,Weekend,11,10,11,10-11,P6
9,Sep,Weekend,12,11,12,11-12,P6
9,Sep,Weekend,13,12,13,12-13,P6
9,Sep,Weekend,14,13,14,13-14,P6
9,Sep,Weekend,15,14,15,14-15,P6
9,Sep,Weekend,16,15,16,15-16,P6
9,Sep,Weekend,17,16,17,16-17,P6
9,Sep,Weekend,18,17,18,17-18,P6
9,Sep,Weekend,19,18,19,18-19,P6
9,Sep,Weekend,20,19,20,19-20,P6
9,Sep,Weekend,21,20,21,20-21,P6
9,Sep,Weekend,22,21,22,21-22,P6
9,Sep,Weekend,23,22,23,22-23,P6
9,Sep,Weekend,24,23,24,23-24,P6
10,Oct,Weekday,1,0,1,0-1,P6
10,Oct,Weekday,2,1,2,1-2,P6
10,Oct,Weekday,3,2,3,2-3,P6
10,Oct,Weekday,4,3,4,3-4,P6
10,Oct,Weekday,5,4,5,4-5,P6
10,Oct,Weekday,6,5,6,5-6,P6
10,Oct,Weekday,7,6,7,6-7,P6
10,Oct,Weekday,8,7,8,7-8,P6
10,Oct,Weekday,9,8,9,8-9,P5
10,Oct,Weekday,10,9,10,9-10,P4
10,Oct,Weekday,11,10,11,10-11,P4
10,Oct,Weekday,12,11,12,11-12,P4
10,Oct,Weekday,13,12,13,12-13,P4
10,Oct,Weekday,14,13,14,13-14,P4
10,Oct,Weekday,15,14,15,14-15,P5
10,Oct,Weekday,16,15,16,15-16,P5
10,Oct,Weekday,17,16,17,16-17,P5
10,Oct,Weekday,18,17,18,17-18,P5
10,Oct,Weekday,19,18,19,18-19,P4
10,Oct,Weekday,20,19,20,19-20,P4
10,Oct,Weekday,21,20,21,20-21,P4
10,Oct,Weekday,22,21,22,21-22,P4
10,Oct,Weekday,23,22,23,22-23,P5
10,Oct,Weekday,24,23,24,23-24,P5
10,Oct,Weekend,1,0,1,0-1,P6
10,Oct,Weekend,2,1,2,1-2,P6
10,Oct,Weekend,3,2,3,2-3,P6
10,Oct,Weekend,4,3,4,3-4,P6
10,Oct,Weekend,5,4,5,4-5,P6
10,Oct,Weekend,6,5,6,5-6,P6
10,Oct,Weekend,7,6,7,6-7,P6
10,Oct,Weekend,8,7,8,7-8,P6
10,Oct,Weekend,9,8,9,8-9,P6
10,Oct,Weekend,10,9,10,9-10,P6
10,Oct,Weekend,11,10,11,10-11,P6
10,Oct,Weekend,12,11,12,11-12,P6
10,Oct,Weekend,13,12,13,12-13,P6
10,Oct,Weekend,14,13,14,13-14,P6
10,Oct,Weekend,15,14,15,14-15,P6
10,Oct,Weekend,16,15,16,15-16,P6
10,Oct,Weekend,17,16,17,16-17,P6
10,Oct,Weekend,18,17,18,17-18,P6
10,Oct,Weekend,19,18,19,18-19,P6
10,Oct,Weekend,20,19,20,19-20,P6
10,Oct,Weekend,21,20,21,20-21,P6
10,Oct,Weekend,22,21,22,21-22,P6
10,Oct,Weekend,23,22,23,22-23,P6
10,Oct,Weekend,24,23,24,23-24,P6
11,Nov,Weekday,1,0,1,0-1,P6
11,Nov,Weekday,2,1,2,1-2,P6
11,Nov,Weekday,3,2,3,2-3,P6
11,Nov,Weekday,4,3,4,3-4,P6
11,Nov,Weekday,5,4,5,4-5,P6
11,Nov,Weekday,6,5,6,5-6,P6
11,Nov,Weekday,7,6,7,6-7,P6
11,Nov,Weekday,8,7,8,7-8,P6
11,Nov,Weekday,9,8,9,8-9,P3
11,Nov,Weekday,10,9,10,9-10,P2
11,Nov,Weekday,11,10,11,10-11,P2
11,Nov,Weekday,12,11,12,11-12,P2
11,Nov,Weekday,13,12,13,12-13,P2
11,Nov,Weekday,14,13,14,13-14,P2
11,Nov,Weekday,15,14,15,14-15,P3
11,Nov,Weekday,16,15,16,15-16,P3
11,Nov,Weekday,17,16,17,16-17,P3
11,Nov,Weekday,18,17,18,17-18,P3
11,Nov,Weekday,19,18,19,18-19,P2
11,Nov,Weekday,20,19,20,19-20,P2
11,Nov,Weekday,21,20,21,20-21,P2
11,Nov,Weekday,22,21,22,21-22,P2
11,Nov,Weekday,23,22,23,22-23,P3
11,Nov,Weekday,24,23,24,23-24,P3
11,Nov,Weekend,1,0,1,0-1,P6
11,Nov,Weekend,2,1,2,1-2,P6
11,Nov,Weekend,3,2,3,2-3,P6
11,Nov,Weekend,4,3,4,3-4,P6
11,Nov,Weekend,5,4,5,4-5,P6
11,Nov,Weekend,6,5,6,5-6,P6
11,Nov,Weekend,7,6,7,6-7,P6
11,Nov,Weekend,8,7,8,7-8,P6
11,Nov,Weekend,9,8,9,8-9,P6
11,Nov,Weekend,10,9,10,9-10,P6
11,Nov,Weekend,11,10,11,10-11,P6
11,Nov,Weekend,12,11,12,11-12,P6
11,Nov,Weekend,13,12,13,12-13,P6
11,Nov,Weekend,14,13,14,13-14,P6
11,Nov,Weekend,15,14,15,14-15,P6
11,Nov,Weekend,16,15,16,15-16,P6
11,Nov,Weekend,17,16,17,16-17,P6
11,Nov,Weekend,18,17,18,17-18,P6
11,Nov,Weekend,19,18,19,18-19,P6
11,Nov,Weekend,20,19,20,19-20,P6
11,Nov,Weekend,21,20,21,20-21,P6
11,Nov,Weekend,22,21,22,21-22,P6
11,Nov,Weekend,23,22,23,22-23,P6
11,Nov,Weekend,24,23,24,23-24,P6
12,Dec,Weekday,1,0,1,0-1,P6
12,Dec,Weekday,2,1,2,1-2,P6
12,Dec,Weekday,3,2,3,2-3,P6
12,Dec,Weekday,4,3,4,3-4,P6
12,Dec,Weekday,5,4,5,4-5,P6
12,Dec,Weekday,6,5,6,5-6,P6
12,Dec,Weekday,7,6,7,6-7,P6
12,Dec,Weekday,8,7,8,7-8,P6
12,Dec,Weekday,9,8,9,8-9,P2
12,Dec,Weekday,10,9,10,9-10,P1
12,Dec,Weekday,11,10,11,10-11,P1
12,Dec,Weekday,12,11,12,11-12,P1
12,Dec,Weekday,13,12,13,12-13,P1
12,Dec,Weekday,14,13,14,13-14,P1
12,Dec,Weekday,15,14,15,14-15,P2
12,Dec,Weekday,16,15,16,15-16,P2
12,Dec,Weekday,17,16,17,16-17,P2
12,Dec,Weekday,18,17,18,17-18,P2
12,Dec,Weekday,19,18,19,18-19,P1
12,Dec,Weekday,20,19,20,19-20,P1
12,Dec,Weekday,21,20,21,20-21,P1
12,Dec,Weekday,22,21,22,21-22,P1
12,Dec,Weekday,23,22,23,22-23,P2
12,Dec,Weekday,24,23,24,23-24,P2
12,Dec,Weekend,1,0,1,0-1,P6
12,Dec,Weekend,2,1,2,1-2,P6
12,Dec,Weekend,3,2,3,2-3,P6
12,Dec,Weekend,4,3,4,3-4,P6
12,Dec,Weekend,5,4,5,4-5,P6
12,Dec,Weekend,6,5,6,5-6,P6
12,Dec,Weekend,7,6,7,6-7,P6
12,Dec,Weekend,8,7,8,7-8,P6
12,Dec,Weekend,9,8,9,8-9,P6
12,Dec,Weekend,10,9,10,9-10,P6
12,Dec,Weekend,11,10,11,10-11,P6
12,Dec,Weekend,12,11,12,11-12,P6
12,Dec,Weekend,13,12,13,12-13,P6
12,Dec,Weekend,14,13,14,13-14,P6
12,Dec,Weekend,15,14,15,14-15,P6
12,Dec,Weekend,16,15,16,15-16,P6
12,Dec,Weekend,17,16,17,16-17,P6
12,Dec,Weekend,18,17,18,17-18,P6
12,Dec,Weekend,19,18,19,18-19,P6
12,Dec,Weekend,20,19,20,19-20,P6
12,Dec,Weekend,21,20,21,20-21,P6
12,Dec,Weekend,22,21,22,21-22,P6
12,Dec,Weekend,23,22,23,22-23,P6
12,Dec,Weekend,24,23,24,23-24,P6
