fecha,tmed,tmin,tmax,prec,velmedia,racha,sol,presMax,presMin,num_estaciones
2024-01-01,9.172330654420207,4.658897818599312,13.689437428243398,0.090635838150289,1.9254545454545453,7.419160839160839,5.417361111111111,964.1657657657656,960.009009009009,888
2024-01-02,10.25776754890679,5.570655926352129,14.947126436781607,3.706025492468135,3.0623776223776225,10.56484593837535,3.106164383561644,964.3923076923078,960.0307692307692,887
2024-01-03,11.894285714285717,7.892228571428571,15.8952,0.7917824074074075,2.42125,8.755,2.678620689655172,963.0165919282512,959.3573991031392,890
2024-01-04,10.535624284077892,6.846506300114547,14.220847651775486,5.277468060394889,2.1214186369958274,9.1884239888424,2.25578231292517,962.0657657657658,953.6135135135136,892
2024-01-05,8.337729357798166,5.485681557846506,11.198967889908255,5.58150289017341,3.571727019498608,11.899579831932773,3.462068965517241,957.6264573991032,951.1780269058296,892
2024-01-06,7.313386727688787,3.8901601830663615,10.737299771167049,2.6979214780600462,3.2478991596638656,10.898595505617978,5.729861111111111,962.6843049327356,956.9170403587444,891
2024-01-07,6.786613272311213,2.6902745995423345,10.889142857142858,0.9818076477404404,2.788251748251748,9.190909090909091,6.388194444444444,964.0251121076234,961.5636771300448,890
2024-01-08,5.805498281786941,1.2837342497136313,10.328865979381444,0.5324825986078886,2.1,7.631837307152876,5.531034482758621,964.8678733031674,960.953846153846,888
2024-01-09,6.700573394495413,3.0772935779816515,10.32809633027523,1.7424418604651162,1.4355244755244756,5.602244039270687,3.1333333333333333,962.6807174887892,960.0515695067264,889
2024-01-10,7.401947308132875,4.605040091638029,10.196563573883164,3.0424242424242425,1.8936974789915968,7.191139240506328,1.8727891156462584,963.0657657657658,959.5833333333334,888
2024-01-11,6.755517241379311,3.213793103448276,10.300344827586208,0.9579743888242142,2.037412095639944,7.511739745403112,4.375342465753424,964.2380733944954,959.6169724770642,888
2024-01-12,6.846735395189003,2.0302059496567506,11.674455899198168,0.0861948955916473,2.37020979020979,7.835574229691877,6.309027777777778,967.40407239819,963.8339366515836,890
2024-01-13,8.792528735632184,3.764942528735632,13.822413793103449,1.6351162790697675,2.199023709902371,7.772625698324022,3.4746575342465755,968.2515837104072,964.012669683258,888
2024-01-14,11.413808975834293,7.150978135788262,15.687241379310343,3.996499416569428,2.4537709497206706,9.248391608391607,2.493793103448276,963.80814479638,958.8461538461538,889
2024-01-15,12.871626297577857,9.553517877739331,16.193425605536333,3.0406323185011708,2.6986033519553074,9.309663865546218,1.1486301369863012,959.547963800905,956.3018099547512,887
2024-01-16,13.39150401836969,9.631995412844038,17.14971297359357,7.643559718969556,3.3372222222222225,13.96527777777778,2.2258503401360543,957.8085201793722,950.0385650224216,891
2024-01-17,13.317803468208092,10.514682080924857,16.124452133794694,5.745422535211268,5.092050209205021,16.812762973352033,3.2352112676056337,951.8781818181818,945.2527272727272,888
2024-01-18,12.480756013745705,8.959954233409611,16.008247422680412,5.786065573770492,3.760251046025104,13.989200561009817,3.734722222222222,955.009009009009,948.1873873873874,891
2024-01-19,7.967889908256881,4.496334478808706,11.447706422018348,7.694651162790697,3.6850140056022407,12.375668073136428,2.2910344827586204,960.4877828054298,952.2900452488688,891
2024-01-20,6.606636155606407,1.9930205949656752,11.221739130434782,0.293279258400927,2.213146853146853,8.876858345021038,6.26338028169014,972.2927272727272,960.2813636363636,892
2024-01-21,8.25433789954338,3.0778538812785388,13.432269099201823,0.1746234067207416,2.0720445062586927,7.294853963838665,6.393706293706293,976.3385650224216,971.7919282511212,892
2024-01-22,9.804142692750286,4.39632183908046,15.217146144994247,0.5714619883040936,2.404861111111111,8.353417015341702,5.456164383561644,978.4195454545454,974.2663636363636,891
2024-01-23,12.468087557603686,6.89389400921659,18.042281105990785,0.04585764294049,1.9590529247910864,6.893584379358438,6.9530612244897965,982.4976744186048,979.4767441860464,889
2024-01-24,13.231718569780853,6.961361014994233,19.501960784313727,0.0255542590431738,1.864763231197772,6.3788218793828895,7.527397260273973,982.0353773584906,978.8188679245284,889
2024-01-25,13.643383199079402,7.0150574712643685,20.26363636363636,0.0210035005834305,1.8366806136680616,6.453491620111731,7.689041095890411,978.20814479638,973.9836363636364,888
2024-01-26,13.259335624284075,6.808237986270022,19.705956471935853,0.0097674418604651,1.6855354659248958,5.898186889818689,7.122448979591836,975.4592760180996,972.410407239819,889
2024-01-27,13.084114285714286,6.781942857142857,19.3864,0.0088167053364269,1.7975069252077562,6.2436288088642655,7.373287671232877,972.7668161434976,969.104932735426,892
2024-01-28,12.520137299771168,6.592105263157895,18.454057142857145,0.0038327526132404,2.0933333333333333,7.521111111111111,6.534722222222222,971.1225225225226,968.7166666666668,890
2024-01-29,12.044393592677345,7.544508009153318,16.542562929061784,0.0209059233449477,2.01908077994429,6.838354253835426,4.330821917808219,972.9855855855856,969.7986486486486,889
2024-01-30,11.338946162657502,6.550859106529209,16.12852233676976,0.0065192083818393,1.7361997226074894,6.075034867503487,5.704794520547945,974.341891891892,971.2657657657658,891
2024-01-31,10.924885321100918,5.53184421534937,16.321788990825688,0.0053302433371958,1.7620833333333334,6.145188284518829,6.581379310344827,976.727149321267,973.9108597285068,891
2024-02-01,10.884712643678162,4.938505747126436,16.83241379310345,0.0645760743321719,2.071388888888889,7.249513212795549,7.101379310344828,977.8177272727272,974.6040909090908,891
2024-02-02,11.129438717067584,5.394043528064147,16.862657502863687,0.0446118192352259,2.1544951590594743,7.83763888888889,7.895172413793103,974.8742081447964,971.652036199095,892
2024-02-03,11.193692660550456,4.997821100917432,17.382016036655212,0.0060254924681344,1.8732686980609417,6.439944521497919,8.310416666666667,975.1511210762332,972.7381165919282,892
2024-02-04,11.483390607101947,4.754982817869416,18.204233409610985,0.0084393063583815,1.622607489597781,5.616272600834492,8.141666666666667,974.622072072072,972.2036036036036,891
2024-02-05,11.139540229885055,4.692298850574713,17.576490825688076,0.0100928074245939,1.5625348189415045,5.663826815642459,7.072222222222222,973.867264573991,970.240807174888,890
2024-02-06,11.297935779816513,5.976261467889908,16.615463917525773,0.0456546929316338,2.0115438108484005,7.318270571827057,6.03986013986014,970.768918918919,966.9846846846848,891
2024-02-07,11.128950403690888,6.01162255466053,16.24475201845444,0.4421911421911422,2.668200836820084,9.489200561009818,4.523943661971831,967.0506787330318,960.7701357466065,892
2024-02-08,12.131300345224396,8.283889528193326,15.979286536248562,10.150410316529891,4.458888888888889,16.082801664355063,2.76986301369863,962.7651583710408,947.4570135746608,891
2024-02-09,11.786781609195405,9.136436781609197,14.440114942528735,12.281582054309329,3.9418410041841008,14.351748251748251,1.4172413793103449,947.415909090909,935.946818181818,889
2024-02-10,9.527314814814815,6.296296296296297,12.758796296296296,1.6375442739079102,4.877542372881356,15.153682719546742,5.153900709219858,953.1596330275228,938.7279816513762,883
2024-02-11,8.81463133640553,5.060599078341014,12.566168009205985,3.647417840375587,3.033520336605891,11.374788732394366,3.189583333333333,955.8027149321268,950.552036199095,885
2024-02-12,12.269088811995385,7.606459054209919,16.9277970011534,0.633922261484099,3.848179271708683,14.19493670886076,6.469230769230769,963.3768181818182,952.3209090909093,884
2024-02-13,13.595418098510882,8.193699885452464,18.99839633447881,0.2495327102803738,2.099441340782123,7.7752447552447554,6.760689655172413,966.4495495495496,961.2585585585584,887
2024-02-14,14.344764096662832,8.882758620689655,19.806896551724137,0.0840140023337222,2.3720670391061454,8.42805049088359,4.997202797202798,966.7968325791855,961.3823529411764,889
2024-02-15,13.960023041474653,9.338018433179723,18.579171461449945,5.584,3.141980474198048,12.25532212885154,2.804794520547945,965.121198156682,957.884792626728,887
2024-02-16,11.500114547537228,7.644788087056128,15.355211912943872,0.7181498829039812,2.708100558659218,9.383053221288517,5.089655172413793,969.6067567567568,961.5666666666666,887
2024-02-17,11.644954128440366,5.859059633027523,17.430963302752293,0.0167832167832167,2.4195530726256984,8.536974789915966,8.775172413793104,974.7286995515695,969.10134529148,888
2024-02-18,12.19954180985109,5.79438717067583,18.604123711340204,0.3648837209302326,2.067966573816156,7.317991631799163,8.115172413793104,977.2717488789236,974.4058295964126,890
2024-02-19,12.993012600229097,7.376403207331043,18.61489117983963,0.025813953488372,2.3997214484679668,8.292597765363128,7.882876712328768,976.268918918919,972.7193693693696,890
2024-02-20,12.592750287686997,5.744764096662831,19.443958573072496,0.0022196261682242,2.1634078212290504,7.709295774647888,8.878620689655174,973.9871559633028,969.3844036697247,889
2024-02-21,11.8696,5.746628571428571,17.99177142857143,0.2360788863109048,2.1346796657381617,7.913389121338912,5.131724137931035,970.5609865470852,963.7273542600898,890
2024-02-22,12.416036655211911,7.256242840778923,17.576430205949656,4.119836639439907,4.452924791086351,15.370711297071129,4.480714285714285,964.337556561086,953.28778280543,888
2024-02-23,8.800687285223368,5.094501718213058,12.507560137457045,3.3390442890442893,4.599442896935933,15.031983240223465,5.820138888888889,956.6234234234234,952.7504504504504,889
2024-02-24,8.287643020594965,4.62254004576659,11.955263157894736,4.083507549361208,4.262674094707521,13.53133704735376,5.2091549295774655,960.0062780269058,953.1600896860988,891
2024-02-25,10.331494252873563,6.28632183908046,14.381859931113665,7.941841491841492,5.211388888888889,15.599165507649513,2.0875000000000004,958.9170403587444,949.4165919282513,889
2024-02-26,9.253410404624278,5.847398843930636,12.651847575057737,8.416333725029377,4.683848314606742,15.29703808180536,3.888652482269504,955.7532110091744,947.8119266055046,888
2024-02-27,8.427898966704937,4.706314580941447,12.146674311926605,2.62021151586369,4.89916083916084,15.055307262569832,5.932394366197183,962.9716216216216,955.0468468468468,886
2024-02-28,9.304252873563218,4.429885057471265,14.174137931034483,0.8899532710280373,3.78941504178273,12.322937062937063,7.120833333333334,965.1684684684684,961.6022624434388,889
2024-02-29,9.719862227324914,4.135591274397244,15.30390355912744,3.3399532710280373,3.7539748953974894,14.524755244755246,6.954166666666667,963.412669683258,957.2,887
2024-03-01,8.849368541905855,3.960275545350172,13.740068886337545,3.45990675990676,3.924686192468619,13.147832167832169,6.389655172413793,961.5420814479636,954.5447963800904,888
2024-03-02,8.193793103448277,4.117356321839081,12.269195402298852,9.32421052631579,4.758881118881119,16.622535211267607,3.167832167832168,957.4742081447964,946.9515837104072,890
2024-03-03,7.50264064293915,3.623995407577497,11.381745120551091,2.272928821470245,4.398881118881119,13.964145658263304,5.804195804195804,960.6846153846152,950.6642533936651,887
2024-03-04,9.63567318757192,5.00253164556962,14.268814729574224,1.5042056074766357,3.617409470752089,11.967927170868348,4.1482758620689655,963.2923766816144,958.145739910314,891
2024-03-05,9.54771167048055,4.22700228832952,14.870480549199083,0.0736596736596736,2.451949860724234,9.04036312849162,8.822916666666666,966.9094170403588,962.7071748878924,890
2024-03-06,9.555160550458716,2.9105504587155964,16.197477064220184,0.1153846153846153,2.16991643454039,8.033286908077994,9.103472222222225,967.1257918552036,959.8909502262444,891
2024-03-07,9.874799541809852,5.158991981672394,14.593012600229097,7.760987074030552,4.0238161559888574,13.707402234636872,4.843055555555555,960.2383561643836,951.1123287671234,889
2024-03-08,8.926720183486239,5.307798165137614,12.547422680412373,10.854009433962265,4.405997210599721,15.150700280112046,4.895862068965517,953.5187214611872,946.366210045662,888
2024-03-09,8.30517836593786,5.252183908045977,11.347986191024166,8.994805194805195,4.156582633053222,14.779746835443037,2.91,946.9851162790698,941.4079069767442,887
2024-03-10,9.485074626865671,5.546957520091848,13.423995407577497,3.065217391304348,4.41570827489481,13.842215988779804,5.097202797202797,958.1628440366972,944.5825688073396,888
2024-03-11,10.09677047289504,5.711175115207373,14.483621683967703,0.897055359246172,3.4123595505617974,11.323455056179776,6.931724137931035,966.85,957.2442396313364,885
2024-03-12,10.933870967741935,4.486981566820276,17.37983870967742,0.0491822429906542,2.066900420757363,7.685553997194951,9.650344827586206,967.8812785388128,963.9926940639268,888
2024-03-13,12.40957324106113,5.233794694348328,19.5843137254902,0.1019883040935672,2.174229691876751,7.662816901408451,9.863194444444444,964.9890410958905,960.383105022831,886
2024-03-14,12.90126728110599,6.952995391705069,18.85184331797235,0.5274532710280374,2.4990196078431373,8.797482517482518,7.566206896551724,965.2470319634704,961.5538812785388,887
2024-03-15,14.086306098964329,8.495512082853855,19.6819332566168,0.1771028037383177,2.209803921568628,7.778511235955056,7.740277777777777,968.9954751131222,964.2900452488688,889
2024-03-16,14.814137931034482,8.335747126436782,21.29436781609196,0.3842473745624271,2.006853146853147,7.535764375876578,7.615384615384615,969.8745454545456,966.8845454545454,889
2024-03-17,16.284827586206895,10.129425287356325,22.438275862068966,0.1292540792540792,2.012709497206704,7.582137834036567,7.584615384615384,968.045,964.3622727272729,888
2024-03-18,16.127931034482756,9.800229885057473,22.46103448275862,0.2659276546091015,2.0095104895104896,7.367605633802817,7.619580419580419,965.459090909091,961.7113636363636,887
2024-03-19,16.2560553633218,10.150173010380623,22.35882352941176,0.1030624263839811,2.148246844319776,7.932630098452884,7.681818181818182,962.7463302752294,959.2816513761468,884
2024-03-20,15.113133640552997,9.942117376294592,20.27741935483871,0.986065573770492,2.7515406162464986,9.923836389280677,6.323611111111111,964.1777272727272,959.1777272727272,886
2024-03-21,15.814729574223245,10.278711162255467,21.35765247410817,0.4860981308411215,3.1816526610644256,10.84330042313117,6.665277777777778,967.0068181818182,962.4181818181818,886
2024-03-22,17.00907003444317,10.525832376578643,23.49253731343284,1.0398830409356723,2.685874125874126,9.753445850914206,7.32054794520548,965.6609865470851,960.9991031390134,887
2024-03-23,15.31670480549199,10.03558352402746,20.59965675057208,0.9056009334889148,3.076429567642957,9.990389972144849,6.540972222222222,964.5306306306304,960.8490990990992,888
2024-03-24,13.34249713631157,8.085796105383734,18.603665521191296,2.483901292596945,3.0326359832635985,10.3620979020979,5.733103448275862,961.937556561086,952.2642533936652,887
2024-03-25,11.104123711340206,7.5262313860252,14.681214203894616,7.5963529411764705,3.355167597765363,11.40112676056338,2.4910344827586206,953.5109090909092,941.4290909090907,886
2024-03-26,8.25638665132336,4.536666666666667,11.974683544303796,4.118579881656805,4.042090395480226,13.809463276836158,4.0625,946.3509174311928,941.5674311926606,883
2024-03-27,9.99837962962963,5.238959537572254,14.756712962962965,7.731005917159763,5.5796875,17.786363636363635,4.883216783216783,945.7805555555556,940.3981481481482,881
2024-03-28,12.208055235903336,8.210932105868816,16.207825086306098,10.414033018867926,5.046197183098592,17.163098591549296,4.695172413793103,948.181818181818,942.6509090909092,882
2024-03-29,11.030831408775985,6.888337182448037,15.18013856812933,7.433570581257414,3.59774647887324,14.265303244005642,4.21448275862069,947.1069124423964,942.2437788018432,881
2024-03-30,9.887137891077636,5.911587485515643,13.862456546929316,10.311374407582935,3.748587570621469,13.04971671388102,4.377083333333333,944.9990825688072,939.8238532110092,880
2024-03-31,9.645486111111111,6.119884393063583,13.157109826589595,5.899405469678953,3.595768688293372,13.668926553672318,3.349645390070922,951.180733944954,940.8293577981652,880
2024-04-01,10.4603707995365,5.721180555555556,15.197341040462428,1.060609613130129,3.8589562764456975,13.084322033898308,7.508275862068966,962.6958904109588,951.0447488584474,886
2024-04-02,11.298741418764305,5.982951945080092,16.610171428571427,1.8703488372093025,3.312167832167832,11.340756302521008,5.56875,963.9040909090908,959.8086363636364,890
2024-04-03,14.180342857142856,8.691657142857142,19.67268571428572,0.1351508120649652,2.7727653631284914,9.247272727272728,8.473103448275861,964.914798206278,960.8807174887892,891
2024-04-04,15.189142857142857,8.572342857142857,21.80617142857143,0.4984936268829664,2.699443671766342,9.4963687150838,9.271527777777775,964.3733031674208,960.0031674208144,892
2024-04-05,17.419221967963388,10.777574370709385,24.06109839816934,0.5077367205542725,3.5155027932960894,12.013006993006991,8.4006993006993,962.464705882353,957.4298642533936,890
2024-04-06,17.56918671248568,12.114089347079036,23.02268041237113,1.0901035673187571,3.6354748603351954,12.916340782122903,4.137499999999999,962.2864253393664,956.137556561086,891
2024-04-07,16.851320321469576,12.149942594718716,21.56754587155964,1.2397911832946635,2.710924369747899,10.35104895104895,5.7384615384615385,961.749099099099,956.7774774774776,889
2024-04-08,14.267738231917336,8.772904707233065,19.765097588978183,3.2378472222222223,4.200420168067227,14.63258426966292,5.892198581560283,965.9704545454546,956.8572727272727,890
2024-04-09,11.52609195402299,6.066206896551725,16.983563218390806,0.2789779326364692,3.748531468531468,11.837587657784011,10.343055555555557,973.8262443438914,964.5814479638008,891
2024-04-10,13.167124856815578,6.012714776632303,20.317983963344787,0.0011534025374855,2.8962447844228096,9.923955431754877,11.069230769230767,974.7363636363636,971.4418181818182,891
2024-04-11,16.3939497716895,9.148004561003422,23.64600456621005,0.0006928406466512,2.9237170596393898,9.914881780250347,11.39109589041096,974.150226244344,969.715,895
2024-04-12,17.572519954389968,9.665603644646923,25.47206385404789,0.0,2.2056865464632454,7.761442441054092,11.656164383561643,974.1827272727272,970.8731818181818,895
2024-04-13,18.574886363636363,10.38659090909091,26.75840909090909,0.0,2.0027700831024933,7.218307905686546,11.7125,971.3448888888888,967.7111111111112,895
2024-04-14,18.686560364464693,10.816970387243735,26.562343572241183,0.0360919540229885,2.149583333333333,7.866111111111111,11.31388888888889,968.8314159292036,964.6951327433628,894
2024-04-15,17.735193621867882,11.172892938496584,24.29794988610478,0.1859122401847575,2.552712100139082,8.665083798882682,9.575172413793103,966.3898230088496,962.6646017699117,894
2024-04-16,16.309236031927025,10.270011402508551,22.34811858608894,0.4223760092272203,3.1220055710306407,9.834685314685316,10.064583333333331,963.856,959.4217777777776,894
2024-04-17,14.891904218928165,9.285290763968073,20.50022805017104,0.2722350230414747,3.0002777777777774,9.333983286908078,10.277241379310343,961.2777777777778,958.3555555555556,894
2024-04-18,13.927272727272728,8.064431818181818,19.78954545454545,0.3782909930715936,3.0575,9.880111265646732,9.905517241379313,963.6969026548672,959.279203539823,892
2024-04-19,13.954379977246871,6.997386363636363,20.915585893060296,0.0405311778290993,2.777253814147018,9.194158553546592,10.51164383561644,964.4176211453744,960.3837004405286,893
2024-04-20,14.544646924829156,7.924031890660593,21.163097949886104,0.5185697808535179,2.861111111111111,9.592083333333331,10.412413793103449,961.725221238938,958.4446902654868,892
2024-04-21,13.765142857142855,7.234057142857143,20.301369863013697,0.422543352601156,3.0345353675450766,9.9326842837274,10.982394366197184,961.3778761061948,958.29203539823,891
2024-04-22,12.110909090909091,6.660113636363636,17.56022727272727,0.664971098265896,3.5730929264909843,11.154507628294036,9.958571428571428,962.2964601769912,958.6964601769912,892
2024-04-23,10.772716894977169,5.174885844748858,16.369406392694064,1.1154651162790696,3.282083333333333,10.825801952580196,8.986805555555556,962.7573333333332,959.2226666666668,892
2024-04-24,11.827803203661327,5.106521739130435,18.548398169336384,0.0460648148148148,2.8908205841446453,9.440807799442895,11.039310344827587,963.5897321428572,958.3178571428572,891
2024-04-25,12.559839816933636,7.196910755148742,17.926544622425627,0.8912240184757505,2.68625,9.505980528511822,6.154861111111111,958.884,952.8266666666668,891
2024-04-26,12.461142857142857,7.583561643835616,17.343314285714285,4.852485549132948,2.956050069541029,10.57949790794979,5.591724137931034,952.9871111111112,947.3951111111112,891
2024-04-27,12.261910241657077,8.032681242807824,16.489413118527043,4.374039580908033,3.8392405063291135,13.25819209039548,5.064788732394367,955.045739910314,947.2201793721972,883
2024-04-28,11.59414466130884,6.547761194029851,16.647477064220183,2.5439024390243903,2.2981741573033707,8.854992967651196,6.614893617021277,959.6173333333334,952.8044444444444,886
2024-04-29,11.730884041331803,7.050975889781859,16.412169919632607,4.413109048723898,2.435112359550562,8.557323943661972,6.227083333333334,961.3303571428572,958.1549107142856,887
2024-04-30,12.626121979286536,7.417241379310345,17.843843498273877,4.404513888888889,3.217507002801121,10.96338028169014,6.292361111111111,960.5358744394618,956.0286995515696,889
2024-05-01,11.229276693455798,6.982663605051664,15.47830080367394,2.494328703703704,3.8892957746478873,12.68523206751055,6.976388888888889,959.2430493273544,954.6426008968608,887
2024-05-02,11.108198614318708,5.562745098039216,16.655311778290994,0.916686114352392,3.381612446958982,11.007254623044098,9.197222222222225,961.7264573991032,957.216143497758,885
2024-05-03,12.836416184971098,6.372254335260116,19.30530565167244,2.4394399066511085,2.8135785007072136,9.733804809052334,9.242361111111112,962.8241071428572,959.7629464285714,881
2024-05-04,16.17750865051903,9.75905420991926,22.6,1.873862310385064,3.3087201125175807,10.785714285714286,8.839007092198582,961.5693333333334,958.4328888888888,885
2024-05-05,16.270114942528735,10.747701149425287,21.790459770114943,4.473457508731083,3.1758426966292133,11.345338983050848,6.253521126760563,960.4426666666668,955.6137777777778,886
2024-05-06,15.530715935334872,10.40092378752887,20.6679354094579,0.6182242990654206,2.931303116147309,9.611840228245365,7.343448275862069,961.8765765765766,956.2648648648648,881
2024-05-07,15.149250288350634,9.03506343713956,21.264705882352946,0.4921022067363531,2.941490857946554,9.602401129943503,11.03472222222222,965.3388392857142,960.9973214285714,885
2024-05-08,16.732760595647193,9.71716247139588,23.749942726231385,0.0190972222222222,2.8693706293706294,9.259046283309958,11.418055555555556,965.4402654867256,962.1641592920354,888
2024-05-09,17.577126436781608,9.988735632183907,25.16574712643678,0.0008130081300813,2.4530069930069933,8.275280898876405,10.67103448275862,963.8535714285716,960.2857142857144,888
2024-05-10,18.60126146788991,11.167660550458717,26.043004587155963,0.1751157407407407,2.689075630252101,8.887219101123595,11.797260273972604,961.9195555555556,958.792,887
2024-05-11,18.472675086107923,11.76280137772675,25.182663605051665,0.4883101851851851,2.9331460674157306,9.920196353436186,9.784615384615384,962.5466367713004,959.4892376681614,886
2024-05-12,17.800229885057473,11.55264367816092,24.04839080459769,0.1199074074074074,2.532443820224719,8.38762306610408,9.154929577464788,962.7633928571428,959.6888392857144,886
2024-05-13,17.715074798619103,11.58987341772152,23.83843498273878,5.85480093676815,3.24160789844852,10.875599435825109,8.053472222222222,960.5441964285714,953.9357142857144,885
2024-05-14,15.18964326812428,10.657192174913694,19.720138089758343,3.4363317757009346,3.814486638537271,11.604237288135591,7.06013986013986,954.0821428571428,951.3709821428572,886
2024-05-15,13.65623556581986,8.847113163972287,18.476585928489044,1.5547479484173503,3.346554149085794,10.758297872340426,7.520833333333333,954.4783783783784,952.081081081081,886
2024-05-16,13.66120092378753,8.589376443418013,18.73129330254041,1.884929906542056,3.141068917018284,10.29098591549296,7.03986013986014,955.3085201793722,952.7201793721972,885
2024-05-17,14.911791907514452,9.8878612716763,19.93479768786127,2.429988331388565,2.862676056338028,9.611048158640228,7.359859154929577,956.1423423423424,952.663963963964,882
2024-05-18,14.946180555555555,9.384606481481482,20.50727482678984,2.524501758499414,2.5233802816901405,8.919746121297603,8.275714285714285,956.7846846846847,954.1815315315316,882
2024-05-19,14.815483119906869,9.79871944121071,19.83247962747381,3.356132075471698,2.6422695035460992,9.482102272727271,6.72463768115942,956.609009009009,953.6522522522522,875
2024-05-20,14.83213457076566,9.508120649651971,20.148267898383374,0.9954225352112676,2.928125,9.875106685633002,7.859859154929577,957.8290909090908,954.6431818181818,881
2024-05-21,15.069053117782907,9.767205542725172,20.37043879907621,1.5199764982373678,3.101697312588402,10.408603667136813,7.8538461538461535,961.0536036036036,957.2283783783784,880
2024-05-22,15.393079584775084,9.682142857142855,21.096078431372547,1.0763466042154568,2.843380281690141,9.857203389830508,9.084027777777775,962.4518018018016,959.1369369369368,882
2024-05-23,15.834942528735631,9.500688863375432,22.16620689655172,0.2646100116414435,2.536044880785414,8.563751763046545,10.202836879432624,961.796818181818,958.94,885
2024-05-24,17.19656357388316,10.465750286368843,23.92955326460481,0.2634570765661252,2.5889664804469272,8.563407821229049,11.203521126760563,961.9582959641256,958.7578475336323,887
2024-05-25,18.363563218390805,11.097241379310343,25.627701149425285,0.2498839907192575,2.8193548387096774,9.235804195804196,11.094964028776978,962.2560538116592,959.2928251121076,886
2024-05-26,18.649426605504587,12.111811926605505,25.189449541284404,0.2198837209302325,2.7416201117318435,9.027552447552448,10.12,963.0695067264572,959.9286995515696,887
2024-05-27,18.48156682027649,12.430990783410138,24.53594470046083,0.078538283062645,2.7815126050420167,8.872573839662447,10.100694444444445,963.6572072072072,960.6716216216216,885
2024-05-28,19.218087557603685,12.089861751152071,26.34608294930876,0.0037296037296037,2.623842917251052,8.40492264416315,12.004861111111111,964.2407239819004,961.3348416289592,882
2024-05-29,20.56172413793104,13.179770114942528,27.946321839080458,0.1251748251748251,2.472650771388499,8.274647887323944,11.948591549295775,962.5745454545454,958.6027272727272,885
2024-05-30,20.60610599078341,13.935558112773302,27.26912442396313,1.016106604866744,2.9663853727144867,9.964174894217209,9.976056338028169,958.8945454545454,954.455,886
2024-05-31,18.88273878020713,13.13084004602992,24.63241379310345,0.3113689095127609,3.738687150837989,10.590042075736324,10.70357142857143,958.2148648648648,955.0072072072072,888
2024-06-01,18.11877880184332,12.316820276497696,23.918663594470047,0.6447154471544716,3.610474860335196,10.299299719887957,10.60281690140845,961.5755656108598,957.7524886877828,886
2024-06-02,18.35638665132336,12.22059838895282,24.497241379310346,0.1252619324796274,3.265406162464986,9.65007012622721,11.480141843971632,962.0595454545456,959.4940909090908,886
2024-06-03,19.18124280782509,12.852359033371693,25.51288837744534,0.5499416569428238,2.931564245810056,9.308823529411764,10.675352112676055,960.8322727272728,957.4486363636364,886
2024-06-04,20.08942528735632,13.27609195402299,26.90149425287356,0.14585764294049,2.552594670406732,8.571107994389902,11.488111888111888,959.6216216216216,956.8567567567568,885
2024-06-05,21.220438799076213,13.894925028835065,28.538292964244523,0.0370930232558139,2.541340782122905,8.83944055944056,11.085714285714284,960.1214285714286,957.4642857142856,889
2024-06-06,22.48822170900693,15.581986143187066,29.41049596309112,0.2272409778812572,2.6872727272727275,9.68368495077356,9.402158273381296,960.25799086758,957.1100456621004,887
2024-06-07,22.666821345707657,16.8162224797219,28.51517960602549,1.3604895104895105,3.1662447257383963,11.064366197183098,7.472857142857143,960.935,956.2418181818182,883
2024-06-08,20.41008111239861,15.538470451911936,25.28125,4.987704918032787,3.074719101123596,11.336568213783403,5.400719424460432,959.0153153153152,954.3211711711712,883
2024-06-09,18.353658536585368,14.107200929152148,22.61400462962963,1.8954279015240327,3.3461322081575244,9.978420310296192,5.565714285714286,958.2094594594596,954.7617117117118,883
2024-06-10,17.92109557109557,13.348428405122236,22.485331781140864,2.219506462984724,2.9932299012693933,9.414950634696757,6.948920863309352,960.3721461187216,957.1630136986302,880
2024-06-11,17.29019607843137,12.429181084198383,22.15444059976932,2.4784382284382285,2.853072625698324,9.48097902097902,6.797163120567376,962.758371040724,959.2131221719458,886
2024-06-12,17.07606936416185,11.923583815028902,22.22794457274827,2.894970760233918,3.120839160839161,10.14747191011236,8.330985915492958,964.7722727272728,961.06,886
2024-06-13,17.97045191193511,10.61367323290846,25.32719907407408,0.428588098016336,2.9098591549295776,9.609129213483143,10.904964539007093,964.6325688073396,960.8981651376146,884
2024-06-14,20.43263646922184,13.564385150812065,27.31241299303944,0.2457508731082654,3.338202247191012,10.85056338028169,10.117605633802818,961.7976958525346,957.1764976958524,886
2024-06-15,19.516743648960738,13.512009237875288,25.52413394919169,0.2716608594657375,3.397346368715084,10.392566619915849,10.73021582733813,960.6769230769232,957.7212669683256,887
2024-06-16,19.58308400460299,13.013808975834293,26.155172413793103,0.4269454123112659,3.006983240223464,9.499301675977652,10.22536231884058,960.0298642533936,956.9972850678732,886
2024-06-17,20.779326364692217,14.008826945412313,27.544663573085845,2.113286713286713,3.072268907563025,10.253727144866383,10.382978723404255,959.5995433789952,956.1954337899544,884
2024-06-18,20.12421420256112,14.763023255813954,25.485348837209305,2.958536585365854,3.275702247191012,11.110845070422537,7.62391304347826,960.7866359447004,956.6562211981568,885
2024-06-19,18.83899297423888,13.76065573770492,23.9140350877193,3.4012865497076024,2.925952045133992,10.28462623413258,7.641304347826087,962.0331775700936,958.2130841121495,880
2024-06-20,17.692714453584017,13.24077555816686,22.14630715123095,4.388980070339977,3.094042553191489,10.33684210526316,6.430434782608695,964.0334883720932,959.6359813084111,880
2024-06-21,19.01711292200233,12.598837209302326,25.437979094076653,0.1250875145857643,2.685252808988764,8.816174402250352,11.173913043478262,966.6954545454546,963.5181818181818,884
2024-06-22,20.27058139534884,13.932209302325582,26.60278745644599,0.2057109557109557,2.784712482468444,9.185372714486638,8.64817518248175,966.4577272727272,963.0218181818182,883
2024-06-23,21.21983758700696,15.403016241299303,27.02673611111111,0.3342258440046566,3.072714486638537,9.420422535211268,9.453676470588237,963.8891402714931,959.7886877828054,883
2024-06-24,22.040787949015066,15.741830822711472,28.33449074074074,0.0207897793263646,2.7373426573426576,8.551960784313726,11.217142857142855,960.527149321267,956.2719457013576,886
2024-06-25,22.59408352668213,16.007076566125292,29.173696407879493,0.7453271028037384,2.864466292134832,9.623870056497177,10.449264705882351,957.2853211009176,953.9022935779816,884
2024-06-26,22.474824355971897,16.540515222482437,28.41201866977829,1.6347010550996484,2.9325746799431007,10.356490727532096,8.69111111111111,958.2050228310502,954.691780821918,884
2024-06-27,22.320843091334893,16.81533957845433,27.829789719626167,0.3625586854460094,2.8216216216216217,9.350784593437943,7.941726618705037,959.7711009174312,956.3683486238532,882
2024-06-28,21.257309941520468,16.22289719626168,26.28926487747958,5.195882352941177,3.159915014164306,10.58565340909091,7.372661870503597,960.6009132420093,957.3237442922374,880
2024-06-29,19.506783625731,15.53029239766082,23.48,1.838370720188902,3.217638691322902,10.020056899004269,5.420863309352518,960.5563636363636,957.73,876
2024-06-30,20.51323185011709,15.201170960187351,25.82295081967213,1.910414201183432,2.560653409090909,8.93058321479374,8.197101449275362,961.4781818181818,958.35,876
2024-07-01,20.35211267605634,14.571478873239435,26.12207943925233,0.9659976387249116,3.112926136363636,9.918544935805992,9.875886524822697,965.4926940639268,960.9776255707762,880
2024-07-02,21.24300822561692,14.93086854460094,27.55046948356808,0.0389349112426035,3.0939828080229224,9.237965616045846,11.31418439716312,965.1894009216592,960.9695852534562,875
2024-07-03,22.383976608187133,15.17345029239766,29.586331775700938,0.0050887573964497,2.7404829545454543,8.6991452991453,11.901418439716313,961.055504587156,957.6628440366972,879
2024-07-04,23.37117852975496,15.92485414235706,30.806293706293705,0.0134117647058823,2.614793741109531,8.476420454545455,11.932624113475176,960.270588235294,957.2452488687784,880
2024-07-05,24.10866510538641,17.17906432748538,31.043706293706293,1.46489988221437,3.240198863636364,11.075852272727271,11.43525179856115,959.15,954.6245454545456,880
2024-07-06,21.047423887587826,15.76065573770492,26.33434579439253,1.9269503546099287,3.4080736543909347,11.015886524822696,8.527536231884058,958.7725225225224,954.7527027027028,877
2024-07-07,20.36264637002342,14.13934426229508,26.578296382730453,0.0483490566037735,2.9079096045197743,9.04016973125884,10.797101449275363,960.0193693693692,956.718018018018,880
2024-07-08,21.865962441314554,14.92887323943662,28.79953216374269,0.4215801886792453,2.990921985815602,9.641761363636364,11.416312056737588,959.78778280543,957.0606334841628,880
2024-07-09,22.61981242672919,16.547245017584995,28.70093348891482,0.8384615384615385,3.0245390070921987,9.865531914893618,9.334751773049646,960.0844036697248,956.4233944954128,879
2024-07-10,24.006752037252618,17.212922002328288,30.79244186046512,0.2789906103286385,2.742394366197183,8.804249291784704,11.175886524822694,961.9387387387388,959.2018018018016,883
2024-07-11,25.060116279069767,18.643372093023256,31.47061556329849,0.6669014084507042,3.215211267605634,10.474717514124292,11.083687943262412,961.6846153846152,958.362443438914,884
2024-07-12,23.156976744186046,17.283178654292342,29.02915214866434,0.1687645687645687,3.2069111424541603,9.824929577464788,10.527142857142858,960.1547511312218,956.375113122172,884
2024-07-13,22.402439024390244,16.24436701509872,28.56032482598608,0.0624708624708624,3.084344146685473,9.526939351198871,9.994244604316547,958.2468181818182,954.6840909090909,883
2024-07-14,23.31755813953488,16.495116279069766,30.143619489559164,0.748951048951049,2.915960451977401,9.443847241867044,10.67841726618705,958.115,955.1922727272728,882
2024-07-15,23.34744186046512,17.00581395348837,29.69152148664344,0.190104772991851,3.4722772277227723,10.77274011299435,10.35774647887324,960.334090909091,955.8809090909092,882
2024-07-16,22.9246511627907,16.23627906976744,29.609988385598143,0.0106184364060676,2.621186440677966,8.607768361581922,11.15,961.0177272727273,957.8527272727272,883
2024-07-17,23.81808634772462,16.474009324009327,31.14055944055944,0.0,2.845698166431593,9.01607898448519,12.084057971014492,961.4095454545457,958.3481818181818,882
2024-07-18,25.07943925233645,17.68995327102804,32.46161026837806,0.0289871944121071,2.4228490832157967,8.638156028368794,10.60503597122302,962.645871559633,959.8422018348624,883
2024-07-19,26.652797202797203,19.103143189755528,34.20174621653085,0.0576251455180442,2.520933521923621,9.020169252468266,11.827857142857145,963.0277272727272,958.6828054298642,884
2024-07-20,25.342657342657343,18.505011655011653,32.1791618160652,1.2499419279907085,3.4512676056338027,11.455774647887324,10.435971223021582,959.140990990991,953.29009009009,884
2024-07-21,22.525757575757574,16.585314685314685,28.4643023255814,0.3601862630966239,3.7309423347398014,10.931830985915491,11.142142857142858,961.7434389140273,955.4045248868778,884
2024-07-22,23.38421052631579,15.544690781796966,31.21028037383177,0.0032748538011695,2.8630098452883264,8.806214689265538,12.538732394366198,964.2182648401824,961.3187214611872,884
2024-07-23,25.8034924330617,17.783953488372095,33.82130384167637,0.0005834305717619,2.633426966292135,8.37887323943662,12.702836879432624,964.6688073394496,962.1600917431192,883
2024-07-24,26.730475086906143,19.227114716106605,34.234530706836615,0.0630966239813737,2.63986013986014,8.861235955056179,11.533098591549296,963.5490909090908,958.8918181818184,886
2024-07-25,26.17398843930636,19.43479768786127,32.91398843930636,0.0709154113557358,2.8323529411764707,9.384173669467788,10.665277777777778,958.8671171171172,953.905855855856,885
2024-07-26,25.4928323699422,18.759468822170906,32.22751445086705,0.1256083429895712,2.6551048951048952,8.794405594405594,11.183916083916085,956.8796380090496,954.110407239819,885
2024-07-27,25.36116279069768,18.670348837209303,32.05609756097561,0.2518604651162791,2.701963534361852,9.126825842696627,10.63900709219858,959.231221719457,955.7864253393664,884
2024-07-28,26.183003492433063,19.250640279394645,33.12462253193961,0.1165694282380396,3.0841068917018286,10.14887323943662,10.714285714285714,960.6372727272728,957.459090909091,882
2024-07-29,26.94795321637427,20.33555555555556,33.56140350877193,1.1943793911007026,2.839290780141844,11.366666666666667,8.079432624113476,961.7004587155964,958.0339449541284,877
2024-07-30,27.129322429906544,20.40385514018692,33.86969696969697,0.1501750291715285,3.044460227272728,11.028328611898017,10.149295774647888,960.511009174312,956.8830275229358,878
2024-07-31,26.65705950991832,19.262937062937063,34.04935822637106,0.0147024504084014,2.720197740112994,9.11035460992908,11.4354609929078,959.2094594594596,956.2166666666668,882
2024-08-01,26.14252607184241,19.36628041714948,32.921387283237,0.0594186046511627,2.8113924050632915,9.165400843881857,10.483216783216784,959.3759090909092,956.4045454545454,886
2024-08-02,24.523433874709976,18.46176129779838,30.58445475638051,1.3590643274853802,3.231039325842697,10.64682651622003,9.815277777777778,959.1867579908676,955.713698630137,884
2024-08-03,24.882229965156792,17.725087108013938,32.04216027874564,0.0029171528588098,2.7568213783403657,8.883074753173485,11.859574468085109,959.2959090909092,956.4845454545456,884
2024-08-04,25.544418604651163,18.05116279069768,33.04280742459397,0.008411214953271,2.44358251057828,8.326666666666666,11.922142857142855,959.167579908676,956.0036529680364,884
2024-08-05,25.87154471544716,18.7801393728223,32.968981481481485,0.1139018691588785,2.6633663366336635,8.996186440677967,10.88,957.9063636363636,955.0072727272728,883
2024-08-06,25.553255813953488,18.738488372093023,32.366241299303944,0.340162980209546,2.7403385049365303,9.089985895627644,10.493571428571428,958.2940639269406,955.3388127853882,883
2024-08-07,25.40139211136891,18.831786542923435,31.971461716937355,0.0953379953379953,2.780281690140845,9.030042313117066,10.599295774647889,958.4036363636365,955.2977272727272,882
2024-08-08,25.846002317497103,18.99351851851852,32.700347624565474,0.0073255813953488,2.736938202247191,8.735543018335685,10.615277777777775,961.9909090909092,958.7390909090908,885
2024-08-09,26.50727482678984,19.264665127020788,33.75,0.0046457607433217,2.565168539325843,8.580309423347398,11.212676056338028,963.1235294117648,960.5475113122172,886
2024-08-10,27.378125,20.01666666666667,34.74641203703704,0.0916570104287369,2.8372191011235954,9.531786216596345,11.379136690647483,962.4851351351352,958.6900900900902,885
2024-08-11,27.35249709639953,20.17700348432056,34.53062645011601,0.0534262485481997,2.953576437587658,9.995627644569815,11.50144927536232,959.8828054298644,955.7891402714932,885
2024-08-12,25.92767441860465,19.366627906976746,32.49011627906977,0.9213785046728972,2.726939351198872,9.81895332390382,9.96901408450704,958.4080717488788,955.0403587443948,881
2024-08-13,23.91775700934579,18.37254672897196,29.46320093457944,3.584705882352941,2.8536827195467422,10.266714082503556,6.77112676056338,957.3810810810812,954.1045045045046,879
2024-08-14,22.18708920187793,16.65533411488863,27.717096018735365,2.897985781990521,3.091218130311615,11.096737588652482,8.36808510638298,959.9154545454544,955.426818181818,879
2024-08-15,22.10269005847953,15.553154205607475,28.64123831775701,1.57018779342723,2.884039548022599,9.33154172560113,10.756115107913669,961.6267281105992,959.036866359447,878
2024-08-16,23.504694835680752,16.100117233294256,30.91768149882904,0.2759671746776084,2.5046808510638296,8.437553342816502,11.478985507246376,962.1880184331796,959.5552995391704,878
2024-08-17,24.83986013986014,17.664219114219115,32.01804423748545,0.7247072599531615,2.748300283286119,9.458356940509915,10.489051094890511,961.2159090909092,957.7072727272728,881
2024-08-18,24.613286713286715,18.51002331002331,30.71245634458673,0.4454332552693208,2.955304101838756,9.82964539007092,9.71304347826087,959.915,956.7054545454546,881
2024-08-19,24.273255813953487,17.305116279069768,31.24622531939605,0.0210526315789473,2.668265162200282,9.202401129943503,10.867391304347828,959.7361990950228,956.6764705882352,881
2024-08-20,24.20875145857643,17.180746791131856,31.235622817229338,0.5045882352941177,2.593493635077793,9.14745042492918,10.01357142857143,961.6908256880736,957.9711009174312,879
2024-08-21,24.617564402810302,18.22025761124122,31.014871194379392,0.2271546635182998,2.8858757062146894,9.542755681818182,9.92,962.5746543778804,958.900921658986,879
2024-08-22,24.847546728971963,18.00806074766355,31.687032710280373,0.1840989399293286,2.5939351198871647,8.9002828854314,9.969285714285714,960.253456221198,956.8152073732718,881
2024-08-23,24.64585764294049,17.585664335664337,31.705950991831973,0.5413507109004739,2.6059574468085107,9.433380681818182,10.495652173913044,960.311574074074,957.0472222222224,875
2024-08-24,24.55250875145857,17.85075845974329,31.25519253208868,0.9772136953955136,3.248728813559322,10.742655367231638,9.711764705882352,960.3703703703704,955.3157407407408,876
2024-08-25,22.99240654205608,17.38516355140187,28.600233372228708,0.2975265017667844,3.005807365439093,9.403971631205676,8.896376811594203,963.6981395348836,961.0018604651162,875
2024-08-26,23.400585480093675,17.016042154566744,29.785480093676814,0.1498229043683589,2.577588652482269,8.426524822695034,9.940579710144927,962.994930875576,959.5179723502304,875
2024-08-27,24.44334112149533,17.61051401869159,31.282634032634032,0.0135135135135135,2.357528409090909,8.25028409090909,10.59208633093525,960.8481481481482,957.550925925926,877
2024-08-28,24.24848130841121,17.80677570093458,30.688798133022168,1.279456906729634,2.7482954545454543,9.341940085592013,9.447517730496454,960.608056872038,957.7862559241706,877
2024-08-29,23.400470588235297,18.24541176470588,28.55023474178404,3.9584123222748815,2.783381088825214,10.33862660944206,6.610294117647059,961.822748815166,958.6715639810428,872
2024-08-30,23.294,17.851116333725027,28.730046948356808,2.0577331759149944,2.57546362339515,9.355300859598854,7.117266187050359,960.5723502304148,957.4912442396312,875
2024-08-31,23.481924882629105,18.382159624413145,28.58147713950762,4.094543297746145,2.708285714285714,10.017142857142858,6.410948905109489,959.9354838709676,956.9645161290322,874
2024-09-01,23.14389671361502,17.896361502347418,28.40327868852459,0.684316037735849,2.255571428571429,8.108571428571429,8.026086956521738,959.0237209302326,956.3911627906976,879
2024-09-02,22.53906432748538,17.243157894736843,27.837689614935822,3.486239620403321,2.548,9.398573466476462,7.1388489208633095,959.0023148148148,955.6921296296296,880
2024-09-03,20.96733021077284,16.29016393442623,25.63080513418903,5.560071090047393,2.817613636363636,9.94045584045584,5.966906474820144,959.924770642202,956.9935779816514,879
2024-09-04,19.78247058823529,14.884235294117648,24.66131301289566,3.427810650887574,2.8771754636233955,9.973714285714289,6.6692857142857145,959.897222222222,956.8462962962964,878
2024-09-05,19.05904317386231,13.9438739789965,24.169615832363213,3.543227326266196,2.6243243243243244,9.368660968660969,6.92,958.6385321100918,951.8633027522936,879
2024-09-06,19.2186263096624,14.09324796274738,24.33244186046512,3.7664705882352942,2.949929078014184,9.911806543385492,7.829078014184398,953.1817351598172,950.1680365296804,881
2024-09-07,19.783100233100235,13.710023310023312,25.857459207459208,1.0014117647058824,2.5131914893617022,9.583948863636364,8.51726618705036,957.9213636363636,952.4754545454546,881
2024-09-08,19.706308411214952,14.11214953271028,25.30058343057176,0.6627058823529411,2.74915014164306,9.559743954480796,8.964492753623187,961.6313636363636,956.555,879
2024-09-09,19.786961583236323,13.322351571594876,26.250989522700813,0.1497647058823529,2.5887943262411346,8.690780141843971,9.51619718309859,964.433484162896,961.1986425339368,879
2024-09-10,20.15,13.91112412177986,26.3847775175644,0.0161556603773584,2.629137199434229,8.658581560283688,9.554285714285712,964.0309090909092,961.0886363636364,879
2024-09-11,19.622131147540983,13.635672514619882,25.600351288056206,2.001056338028169,2.955035460992908,9.707375886524822,8.428571428571429,962.6,959.95,881
2024-09-12,19.20175029171529,13.926604434072344,24.47689614935823,1.407990599294947,3.2910764872521248,10.51685552407932,7.091549295774648,962.3406392694064,958.6132420091324,881
2024-09-13,17.877960140679953,12.43599062133646,23.32435597189696,0.1579132473622508,3.503399433427762,10.9508547008547,9.242857142857142,965.8829493087558,961.1880184331796,882
2024-09-14,18.372919109026963,11.3968347010551,25.348065650644784,0.0129672897196261,2.5988652482269505,8.632621082621084,9.99136690647482,966.519724770642,963.6022935779816,881
2024-09-15,19.318896713615025,11.880516431924883,26.758616647127784,0.0037514654161781,2.4527738264580368,8.318857142857143,10.65857142857143,964.9552995391704,961.6405529953915,880
2024-09-16,19.651877934272303,12.22030516431925,27.08429073856976,0.0008196721311475,2.786894586894587,9.371041369472184,10.11142857142857,962.7045871559632,958.9729357798166,880
2024-09-17,18.65221445221445,12.893123543123542,24.40874125874126,0.5194152046783626,2.9617354196301564,9.812714285714286,8.714184397163121,959.5340909090908,955.4740909090908,882
2024-09-18,18.71368421052632,13.350526315789477,24.07777777777778,0.731535756154748,2.362836879432624,8.511126961483596,7.233093525179856,958.4545871559632,955.9321100917432,882
2024-09-19,18.75661252900232,13.825174013921114,23.688876013904984,3.8984687868080097,2.238135593220339,8.634039548022598,5.221276595744682,957.8171945701358,955.437556561086,882
2024-09-20,18.54129930394432,14.333758700696055,22.74507531865585,4.45625,2.1922644163150493,7.98688293370945,4.784397163120568,958.5527027027028,956.2441441441442,884
2024-09-21,18.62369337979094,14.960602549246811,22.28710801393728,6.919976498237367,2.3795197740113,8.729718309859155,4.184285714285714,958.8678733031674,955.9380090497737,883
2024-09-22,18.576184971098264,13.777456647398845,23.38533487297921,0.7551401869158878,2.2012676056338027,8.302394366197182,7.3064285714285715,959.8420814479638,957.3140271493212,886
2024-09-23,18.030243337195827,12.65515643105446,23.4162037037037,1.095995288574794,2.363418079096045,8.72927864214993,8.866906474820144,960.0472727272728,957.2609090909092,883
2024-09-24,17.715606936416187,12.806242774566474,22.619861431870667,0.6915690866510539,2.436864406779661,8.645403111739746,5.490845070422536,959.3690909090908,956.7772727272728,885
2024-09-25,19.310069444444448,14.341203703703703,24.279976851851853,7.412952158693115,3.5514084507042254,11.959322033898308,5.523076923076923,958.9595454545456,955.0059090909092,886
2024-09-26,20.26682080924856,15.628208092485549,24.90670520231214,2.743757292882147,4.332067510548523,13.7524682651622,6.687769784172662,958.7559090909092,954.0004566210046,888
2024-09-27,16.98473988439306,12.133179190751449,21.83456647398844,1.1454545454545455,3.4593267882187937,11.719803370786517,8.129078014184397,964.0263636363636,957.2895454545456,887
2024-09-28,15.48723897911833,9.487587006960558,21.4856315179606,0.1657375145180023,2.470464135021097,8.915915492957748,9.310071942446042,966.9172727272728,962.7086363636364,887
2024-09-29,17.457192575406033,10.334222737819026,24.58134414831981,0.2830429732868757,2.349859154929577,8.203677510608204,9.503571428571428,966.0707762557078,962.793607305936,888
2024-09-30,19.277146171693737,12.40811123986095,26.15005793742758,0.2721769499417928,1.9813559322033896,7.027824858757062,9.243703703703703,964.4440366972476,960.6853211009172,888
2024-10-01,19.83418308227115,13.828852838933951,25.843453070683665,3.414585764294049,2.478370786516854,8.842394366197183,7.076470588235294,961.101376146789,956.8963302752292,887
2024-10-02,19.22410196987254,14.985283893395131,23.46342592592593,10.187179487179488,3.1379407616361075,11.24886685552408,3.601449275362319,957.7046296296296,952.0162790697674,886
2024-10-03,18.39220023282887,13.849243306169964,22.939231664726424,0.0920653442240373,3.098019801980198,10.334419263456091,7.592700729927007,958.6013824884792,953.9912442396312,885
2024-10-04,17.70869061413673,12.082638888888887,23.339745075318657,0.2165116279069767,2.2514044943820224,8.08860759493671,8.315602836879433,958.8689189189188,956.1328828828828,887
2024-10-05,18.376816608996545,12.560322952710496,24.19423298731257,2.641879350348028,2.4925666199158485,9.155539971949509,6.695714285714286,958.1522522522522,954.5414414414416,887
2024-10-06,20.124452133794698,15.614071510957324,24.64619815668203,3.5806976744186048,2.8442577030812326,10.109537166900422,5.061870503597122,955.5315315315316,951.986936936937,888
2024-10-07,18.58360465116279,14.154418604651164,23.012674418604654,6.049408983451537,3.296619718309859,13.784887005649718,3.472027972027972,952.8004524886876,947.8909502262444,883
2024-10-08,17.155272305909616,13.389687137891077,20.917708333333334,5.449118683901292,3.45997191011236,12.397602256699576,4.180281690140845,955.7427272727272,950.2481818181818,884
2024-10-09,18.1002331002331,13.56037296037296,22.63151162790697,6.542603550295858,5.274859550561797,17.43856942496494,4.110714285714286,956.913145539906,946.7633802816902,883
2024-10-10,16.066589057043075,11.464726426076837,20.66558139534884,0.2830568720379147,2.245774647887324,9.055977496483823,7.040714285714286,958.4415525114156,952.7082191780822,881
2024-10-11,15.607101280558789,10.313488372093024,20.90186046511628,5.029834905660378,2.626863572433193,9.922425952045137,5.3709219858156025,958.7793577981652,954.2256880733944,881
2024-10-12,17.713604651162793,14.057093023255815,21.37174418604652,6.262174940898346,2.654571026722925,10.057805907172996,3.320588235294118,958.8950226244344,952.6533936651584,883
2024-10-13,18.59195804195804,13.631118881118882,23.55727590221188,0.4210588235294117,2.171448663853728,8.265963431786217,6.7642335766423365,961.5636363636364,958.7818181818182,883
2024-10-14,19.095565927654608,14.803967327887982,23.381235431235428,3.2136792452830187,1.9789844851904088,7.937393767705383,4.354014598540146,959.7615384615384,954.9095454545457,882
2024-10-15,18.612311265969804,15.472473867595818,21.750290360046456,12.333966745843233,3.0204481792717086,11.137994350282485,2.337142857142857,955.20814479638,949.8809954751132,883
2024-10-16,18.4537296037296,14.478321678321675,22.42747380675204,9.640758293838864,3.1403656821378343,11.82598870056497,4.437142857142858,955.7718181818182,948.644090909091,881
2024-10-17,15.101047729918507,11.61653084982538,18.577235772357724,5.948578199052133,3.869760900140647,13.168450704225352,4.785714285714286,963.304054054054,954.5945945945946,882
2024-10-18,14.30593023255814,10.010104529616726,18.60034843205575,0.9616745283018868,2.709142053445851,9.528511235955056,5.974468085106383,964.1905405405404,961.1130630630632,884
2024-10-19,16.356445993031357,11.808943089430894,20.902090592334496,0.8937573616018846,2.2723314606741574,8.307865168539326,5.57410071942446,963.65990990991,960.6247747747748,884
2024-10-20,17.72984901277584,12.351567944250872,23.11287703016241,0.3157832744405182,1.9224403927068725,6.976297335203366,7.6378571428571425,965.064090909091,961.8981818181818,884
2024-10-21,17.32783625730994,11.843625730994152,22.809473684210523,0.4220640569395018,2.052320675105485,7.540909090909091,7.519858156028368,967.1144144144145,963.5657657657658,881
2024-10-22,16.57546511627907,12.297560975609755,20.852845528455283,1.993632075471698,2.268213783403657,7.637799717912553,5.886619718309859,969.0383561643836,966.0836363636364,881
2024-10-23,16.692682926829267,11.92102206736353,21.4669373549884,0.4848413631022327,2.1641350210970467,7.579490806223479,7.038028169014084,967.6452488687784,963.9244343891402,883
2024-10-24,16.889198606271776,12.063879210220671,21.71416957026713,2.206021251475797,2.4248595505617976,8.68492957746479,6.761870503597122,965.2798206278028,960.6887892376682,883
2024-10-25,14.481322505800463,10.41423611111111,18.54774044032445,8.370435806831567,2.477247191011236,9.826093088857546,3.719858156028369,962.0355855855856,957.8810810810812,883
2024-10-26,11.486374133949193,8.304387990762125,14.66574394463668,6.643176470588236,2.6838709677419352,9.522050561797752,3.57841726618705,959.500900900901,956.158108108108,885
2024-10-27,11.306242774566474,7.881040462427746,14.74757505773672,7.579693034238489,2.292156862745098,8.375386779184247,3.3065217391304347,962.594144144144,957.8054054054054,884
2024-10-28,13.464883720930231,9.33732558139535,17.595232558139536,5.240828402366864,2.724157303370786,9.99449152542373,4.846478873239437,963.8174311926606,960.22247706422,884
2024-10-29,14.846370023419205,11.08536299765808,18.616355140186915,11.67600950118765,3.3802538787023977,11.814914772727274,3.323239436619718,960.6611872146118,955.5607305936072,879
2024-10-30,14.918859138533175,11.244586728754363,18.60081300813008,5.701880141010576,2.7970380818053595,10.142454160789844,4.543262411347518,960.29009009009,956.2391891891892,881
2024-10-31,15.482847141190195,11.52121212121212,19.4467365967366,4.419858989424207,2.2724576271186443,8.19024045261669,4.6935714285714285,962.0579185520362,959.2968325791855,882
2024-11-01,15.903613053613054,11.743356643356645,20.065501165501168,2.728032979976443,1.982676056338028,7.504519774011299,5.380575539568345,962.6702702702702,960.1049549549548,882
2024-11-02,15.32873831775701,10.857476635514018,19.802917152858807,1.0177095631641089,1.7181560283687942,6.6359375,5.845588235294118,962.645,959.6263636363636,881
2024-11-03,15.571761960326722,11.124970828471412,20.026573426573425,2.615130023640662,2.4028288543140026,8.264073550212164,5.843971631205674,963.0359090909092,960.4040909090908,883
2024-11-04,16.050991831971995,12.01015169194866,20.095005807200927,1.3362130177514793,2.0325318246110324,7.460312944523471,4.754676258992806,963.0534246575344,960.2502283105024,883
2024-11-05,16.508654970760233,12.103504672897197,20.927570093457945,0.5061538461538462,1.535966149506347,5.9244665718349925,5.995774647887324,965.2768181818182,962.1554545454546,880
2024-11-06,16.204561403508773,11.129404900816802,21.27768691588785,1.2154481132075472,1.7265714285714284,6.371082621082621,7.156428571428571,965.5045662100456,963.024200913242,883
2024-11-07,15.890082644628098,11.205542452830189,20.572759433962265,0.6591981132075472,1.8598278335724527,6.620600858369099,6.291911764705882,964.552380952381,961.7138095238096,880
2024-11-08,15.425874125874126,11.320023282887078,19.547619047619047,1.437983587338804,1.840281690140845,7.31943661971831,2.8784172661870504,964.5760368663596,960.9391705069124,884
2024-11-09,15.229002320185614,10.764269141531322,19.70740740740741,1.806674473067916,1.8929775280898875,7.20070323488045,5.3158273381294965,967.1754545454546,964.0054545454548,886
2024-11-10,14.814368482039397,10.269409038238702,19.363699421965315,1.5471277842907387,2.1178370786516854,7.747826086956522,5.303597122302158,967.7422727272726,965.1445454545454,886
2024-11-11,14.099302325581396,9.744883720930233,18.45267441860465,0.3611045828437133,2.697752808988764,8.99590395480226,6.702857142857143,968.7751152073732,966.2225806451612,884
2024-11-12,11.577039627039628,7.1566433566433565,16.00488940628638,3.745616113744076,2.9779803646563816,10.647191011235956,5.548201438848921,966.5341013824884,958.6564814814816,885
2024-11-13,9.759743290548425,6.297319347319347,13.22953488372093,5.861921708185053,3.188434414668547,10.661386138613862,2.921276595744681,959.5861111111112,955.0949074074074,884
2024-11-14,12.799419953596288,8.72016222479722,16.880324074074075,1.8306146572104016,2.6019662921348314,9.038623595505618,4.1173913043478265,961.4129032258064,958.1497695852536,885
2024-11-15,13.317301038062284,9.604147465437787,17.030795847750866,0.8731132075471698,2.519971870604782,8.444880785413744,4.132857142857144,961.775,959.4027272727272,885
2024-11-16,13.70172811059908,9.430990783410138,17.967396313364056,0.3803048065650644,2.3158485273492286,7.976437587657783,4.512949640287769,961.977927927928,959.063963963964,886
2024-11-17,13.757834101382487,8.750691244239631,18.768469505178366,0.3476023391812865,1.7950980392156863,6.760028050490883,5.700735294117647,962.1656108597284,959.3131221719458,886
2024-11-18,13.655080831408776,8.75080831408776,18.560277136258662,0.2163337250293772,1.5110955056179776,5.746327683615819,5.692086330935252,962.2140271493212,959.3678733031674,884
2024-11-19,13.56546511627907,8.895238095238096,18.228023255813955,0.2606345475910693,2.1281293952180027,8.221388101983003,5.590070921985816,962.6292237442922,959.535616438356,883
2024-11-20,13.825087108013935,10.245939675174014,17.402555168408828,2.249882629107981,3.648028169014085,11.788716502115657,4.665,962.9154545454544,959.9781818181818,883
2024-11-21,13.468013856812933,10.330565167243368,16.60150115473441,4.901165501165501,4.322331460674158,13.673314606741572,2.714084507042253,961.2076576576576,954.6013513513514,886
2024-11-22,11.877932636469222,7.959744779582366,15.802090592334496,0.3767523364485981,2.7398876404494383,11.926441631504924,5.4425531914893615,964.2396396396396,955.2207207207208,884
2024-11-23,12.926388888888887,8.041435185185186,17.808564814814815,0.2502336448598131,2.985654008438819,10.01394366197183,4.915827338129496,964.7448430493274,961.6044843049328,882
2024-11-24,14.86728323699422,10.673210161662816,19.06270207852194,5.257642940490082,4.191842475386779,13.492394366197184,3.958571428571429,962.969266055046,957.079723502304,884
2024-11-25,13.491193511008111,8.74664351851852,18.215046296296297,3.809239766081872,3.183074753173484,13.501555869872702,3.3128571428571427,964.211415525114,956.0646788990828,884
2024-11-26,11.261156069364162,7.293526011560693,15.228670520231214,0.0590909090909091,1.567090395480226,6.02457627118644,3.6725352112676055,965.9697247706422,963.3233944954128,884
2024-11-27,11.6125,6.359953703703703,16.86539351851852,0.0241860465116279,1.569718309859155,5.752824858757062,5.98936170212766,967.2187214611872,964.2072727272728,885
2024-11-28,12.35648148148148,6.672286374133949,18.035300925925927,0.0531939605110336,1.9060393258426964,6.4076271186440685,7.220567375886525,968.2004524886876,965.0372727272728,884
2024-11-29,13.793648960739027,8.238062283737024,19.349769053117782,0.1120789779326364,1.8908835904628327,7.095652173913043,6.091489361702127,969.4713004484304,966.0829596412556,886
2024-11-30,14.132794457274828,8.756581986143187,19.50773672055428,0.5316705336426915,1.6762640449438202,6.268162692847125,5.79,970.3272727272728,967.2904545454544,884
2024-12-01,13.568475750577369,9.005889145496536,18.136447520184543,0.9136204889406286,1.620476858345021,6.485133239831697,3.8371428571428576,968.2031674208145,965.4425339366516,884
2024-12-02,12.95997693194925,8.592618223760093,17.32179930795848,0.5388372093023256,1.761851332398317,7.088202247191012,4.172340425531915,967.27668161435,964.5089686098656,885
2024-12-03,11.508854781582054,7.799645808736718,15.214167650531287,2.751943462897527,2.1980364656381486,8.351502145922746,3.8875,965.7763636363636,962.2840909090908,884
2024-12-04,10.878794901506373,6.871147161066049,14.882966396292003,0.1803030303030303,2.833286713286713,10.482369534555712,5.233098591549296,970.719730941704,962.986936936937,884
2024-12-05,11.606820809248555,6.532448036951502,16.682774566473988,1.0932479627473808,2.078011204481793,7.772689075630252,5.363829787234043,971.4085972850678,968.658371040724,883
2024-12-06,13.36064814814815,8.935648148148148,17.782291666666666,0.9954545454545456,2.38515406162465,8.298879551820727,4.26,971.3702702702705,967.8657657657658,882
2024-12-07,11.814252607184242,7.017497103128622,16.612862108922364,3.494049008168028,4.0239831697054695,14.355882352941176,4.988636363636363,969.30814479638,963.9058823529411,883
2024-12-08,8.51068524970964,5.076306620209059,11.947215777262182,5.911398354876616,4.416129032258064,14.09071729957806,5.46044776119403,967.3573394495412,962.7591743119266,881
2024-12-09,7.137645687645688,3.6305361305361306,10.6495337995338,2.9128654970760235,3.3639716312056738,11.266666666666667,4.686666666666667,963.8399082568808,960.3022935779816,877
2024-12-10,6.660535506402794,2.7005813953488373,10.633876600698487,1.0215204678362573,2.184978540772532,8.025392296718973,4.903676470588235,962.7227272727272,959.6863636363636,880
2024-12-11,6.181765389082463,2.8627177700348434,9.500464576074332,1.3092397660818715,1.7373751783166906,6.486494252873563,2.4525179856115105,962.5652968036528,960.0050228310504,880
2024-12-12,7.107342657342658,3.1504662004662003,11.070547147846334,2.9213866039953,1.8385714285714283,6.828407460545193,4.087218045112782,962.1870967741936,959.6281105990782,876
2024-12-13,7.956023391812865,3.616004672897197,12.298830409356723,0.3610526315789473,1.5141025641025645,5.888285714285715,4.378947368421052,968.4513888888888,961.4712962962964,877
2024-12-14,7.826945412311266,2.8934959349593496,12.765272938443667,1.7167636786961584,2.101706970128023,7.462873399715504,5.7388059701492535,973.1774193548388,967.258064516129,878
2024-12-15,8.03175519630485,3.006697459584296,13.061937716262976,0.3624418604651163,2.604237288135593,9.264225352112677,5.658273381294964,977.7642201834864,972.6091743119266,881
2024-12-16,9.01273148148148,3.456365740740741,14.56747685185185,0.0262790697674418,2.6830747531734835,8.636530324400564,7.0285714285714285,978.0009302325582,973.953023255814,881
2024-12-17,9.720833333333331,4.247916666666667,15.194907407407406,0.2525522041763341,2.2331460674157304,7.879971791255288,5.331468531468532,974.6953917050693,970.4617511520738,883
2024-12-18,11.71099537037037,6.435763888888889,16.986226851851853,2.69524361948956,2.439662447257384,8.967932489451476,5.354929577464788,971.4565610859728,965.7420814479638,884
2024-12-19,11.29664739884393,6.482196531791908,16.11179190751445,2.1721769499417927,3.5754213483146065,13.219577464788731,3.261267605633803,969.5336363636364,962.0004545454544,883
2024-12-20,8.158980301274623,3.784490740740741,12.543221320973348,0.6184241019698726,2.59774964838256,9.287323943661972,6.198591549295775,969.9261467889908,966.519266055046,885
2024-12-21,7.799309551208286,2.7590333716916,12.84211737629459,0.6989571263035922,2.506030855539972,8.027769985974755,5.834285714285714,972.1252252252252,969.263063063063,885
2024-12-22,9.43094688221709,4.006697459584296,14.85743944636678,2.6018583042973287,3.3251404494382024,12.365119549929677,5.697841726618705,972.0112612612612,966.04009009009,884
2024-12-23,8.813904982618771,4.823638470451912,12.802317497103129,0.9961493582263712,4.096901408450704,13.829337094499294,6.148571428571429,970.0940092165898,965.915207373272,882
2024-12-24,9.612645011600929,4.427230590961761,14.798723897911833,0.6910151691948658,2.699154929577465,9.313983050847458,6.230714285714285,969.2808219178082,966.3748858447487,881
2024-12-25,10.603819444444444,5.0100694444444445,16.196878612716763,0.1874272409778812,2.00943661971831,7.390832157968971,6.441007194244604,969.3095454545456,966.3422727272726,881
2024-12-26,9.768055555555556,4.890393518518518,14.64189814814815,0.0733955659276546,1.6464788732394366,5.682112676056338,5.0685714285714285,969.1173515981736,966.5831050228312,880
2024-12-27,8.963457076566126,4.182155272305909,13.738051044083528,0.0467986030267753,1.961723163841808,6.600141043723554,5.592142857142857,971.4219178082192,968.9433789954338,879
2024-12-28,8.218612716763007,3.3892485549132947,13.05098265895954,0.0206976744186046,1.774859550561798,5.946976090014065,5.717142857142857,972.3321266968326,969.691402714932,882
2024-12-29,7.554524361948956,2.797795823665893,12.302078521939954,0.0235157159487776,1.5852112676056338,5.4577086280056575,5.59136690647482,971.0274774774776,968.7963963963964,882
2024-12-30,7.075785797438883,2.179976717112922,11.971827706635622,0.4107854630715122,1.584900284900285,5.47886524822695,6.0,971.7520547945206,969.2908675799088,878
2024-12-31,6.64591121495327,2.0423570595099183,11.25373831775701,0.9117021276595744,1.658073654390935,5.869318181818182,5.365217391304348,972.4157407407408,970.025,878
